{"stats":{"minecraft:picked_up":{"minecraft:cocoa_beans":1,"minecraft:crafting_table":4,"minecraft:andesite":55,"minecraft:jungle_log":49,"minecraft:brown_wool":2,"minecraft:wooden_pickaxe":1,"iceandfire:armor_copper_metal_chestplate":1,"minecraft:oak_log":86,"minecraft:shield":1,"iceandfire:armor_copper_metal_helmet":1,"minecraft:lapis_lazuli":6,"minecraft:string":1,"minecraft:dirt":18,"minecraft:raw_copper":41,"minecraft:wooden_sword":1,"minecraft:bone":1,"minecraft:wheat_seeds":1,"minecraft:bamboo":11,"minecraft:melon_slice":49,"minecraft:oak_planks":27,"minecraft:stick":12,"iceandfire:armor_copper_metal_leggings":1,"minecraft:torch":6,"quark:jungle_chest":1,"born_in_chaos_v1:dark_rod":1,"minecraft:jungle_planks":1,"minecraft:diorite":6,"tombstone:grave_dust":2,"iceandfire:armor_copper_metal_boots":1,"alexsmobs:animal_dictionary":1,"minecraft:rotten_flesh":2,"stalwart_dungeons:stone_hammer":1,"iceandfire:silver_sword":1,"supplementaries:ash":1,"minecraft:oak_sapling":4,"minecraft:mutton":1,"minecraft:coal":84,"iceandfire:raw_silver":1,"minecraft:cobblestone":219},"minecraft:dropped":{"alexsmobs:animal_dictionary":2,"minecraft:torch":32,"minecraft:smooth_stone":6},"minecraft:broken":{"minecraft:stone_axe":1},"minecraft:mined":{"minecraft:podzol":1,"minecraft:crafting_table":3,"minecraft:torch":3,"minecraft:grass_block":3,"minecraft:melon":6,"minecraft:jungle_log":50,"quark:jungle_chest":1,"minecraft:copper_ore":11,"minecraft:oak_planks":7,"minecraft:diorite":6,"minecraft:wall_torch":3,"minecraft:coarse_dirt":1,"minecraft:andesite":55,"minecraft:grass":7,"minecraft:oak_log":88,"minecraft:coal_ore":84,"minecraft:cocoa":1,"minecraft:vine":7,"minecraft:dirt":6,"minecraft:stone":140,"minecraft:fern":4},"minecraft:crafted":{"minecraft:smooth_stone":6,"minecraft:oak_planks":32,"vanillaplustools:stone_hammer":1,"minecraft:crafting_table":1,"quark:jungle_chest":5,"minecraft:copper_ingot":17,"minecraft:stone_axe":2,"minecraft:cooked_mutton":1,"minecraft:air":0,"minecraft:jungle_planks":40,"minecraft:stick":76,"quark:oak_chest":1,"minecraft:iron_ingot":4,"minecraft:stone_pickaxe":11,"minecraft:wooden_axe":1,"minecraft:stone_sword":1,"minecraft:torch":96},"minecraft:killed":{"minecraft:spider":1,"enemyexpansion:direwolf":1,"born_in_chaos_v1:baby_skeleton_minion":3,"minecraft:zombie":1,"alexsmobs:terrapin":1,"born_in_chaos_v1:dark_vortex":1},"minecraft:used":{"minecraft:cooked_mutton":5,"iceandfire:silver_sword":35,"iceandfire:armor_copper_metal_leggings":1,"minecraft:stone_pickaxe":117,"quark:jungle_chest":6,"minecraft:wooden_pickaxe":10,"vanillaplustools:stone_hammer":21,"minecraft:torch":11,"iceandfire:armor_copper_metal_boots":1,"minecraft:dirt":8,"minecraft:crafting_table":4,"minecraft:wooden_axe":11,"iceandfire:armor_copper_metal_chestplate":1,"minecraft:melon_slice":19,"stalwart_dungeons:stone_hammer":5,"minecraft:stone_axe":147,"minecraft:wooden_sword":6,"minecraft:cobblestone":9,"iceandfire:armor_copper_metal_helmet":1,"alexsmobs:animal_dictionary":1,"quark:oak_chest":1},"minecraft:killed_by":{"minecraft:drowned":1},"minecraft:custom":{"minecraft:interact_with_furnace":40,"minecraft:mob_kills":9,"minecraft:interact_with_crafting_table":12,"minecraft:damage_dealt_resisted":26,"minecraft:time_since_death":40892,"minecraft:climb_one_cm":3454,"minecraft:time_since_rest":39292,"minecraft:sprint_one_cm":144512,"minecraft:damage_taken":924,"minecraft:walk_one_cm":228445,"minecraft:drop":4,"minecraft:damage_dealt":1333,"minecraft:fly_one_cm":48814,"minecraft:open_chest":30,"minecraft:crouch_one_cm":1515,"minecraft:play_time":75988,"tombstone:undead_killed":4,"minecraft:deaths":1,"minecraft:sneak_time":425,"minecraft:walk_under_water_one_cm":11597,"minecraft:jump":554,"minecraft:walk_on_water_one_cm":27549,"minecraft:total_world_time":75988,"minecraft:fall_one_cm":4945}},"DataVersion":3465}