{"stats":{"minecraft:picked_up":{"minecraft:cocoa_beans":1,"minecraft:crafting_table":2,"minecraft:jungle_log":49,"minecraft:brown_wool":2,"minecraft:wooden_pickaxe":1,"iceandfire:armor_copper_metal_chestplate":1,"minecraft:oak_log":65,"iceandfire:armor_copper_metal_helmet":1,"minecraft:lapis_lazuli":6,"minecraft:dirt":7,"minecraft:raw_copper":24,"minecraft:wooden_sword":1,"minecraft:wheat_seeds":1,"minecraft:bamboo":2,"minecraft:melon_slice":17,"minecraft:oak_planks":20,"minecraft:stick":12,"iceandfire:armor_copper_metal_leggings":1,"minecraft:torch":6,"quark:jungle_chest":1,"born_in_chaos_v1:dark_rod":1,"minecraft:jungle_planks":1,"iceandfire:armor_copper_metal_boots":1,"alexsmobs:animal_dictionary":1,"stalwart_dungeons:stone_hammer":1,"iceandfire:silver_sword":1,"minecraft:mutton":1,"minecraft:coal":76,"iceandfire:raw_silver":1,"minecraft:cobblestone":109},"minecraft:dropped":{"alexsmobs:animal_dictionary":2,"minecraft:torch":32,"minecraft:smooth_stone":6},"minecraft:mined":{"minecraft:podzol":1,"minecraft:crafting_table":1,"minecraft:torch":3,"minecraft:jungle_log":50,"quark:jungle_chest":1,"minecraft:copper_ore":7,"minecraft:wall_torch":3,"minecraft:coarse_dirt":1,"minecraft:grass":4,"minecraft:oak_log":67,"minecraft:coal_ore":76,"minecraft:cocoa":1,"minecraft:vine":5,"minecraft:dirt":6,"minecraft:stone":36,"minecraft:fern":2},"minecraft:crafted":{"minecraft:smooth_stone":6,"minecraft:oak_planks":24,"vanillaplustools:stone_hammer":1,"quark:jungle_chest":5,"minecraft:stone_axe":1,"minecraft:cooked_mutton":1,"minecraft:air":0,"minecraft:jungle_planks":40,"minecraft:stick":72,"quark:oak_chest":1,"minecraft:stone_pickaxe":11,"minecraft:stone_sword":1,"minecraft:torch":96},"minecraft:killed":{"enemyexpansion:direwolf":1,"minecraft:zombie":1,"born_in_chaos_v1:dark_vortex":1},"minecraft:used":{"minecraft:cooked_mutton":1,"iceandfire:silver_sword":9,"iceandfire:armor_copper_metal_leggings":1,"minecraft:stone_pickaxe":106,"quark:jungle_chest":6,"minecraft:wooden_pickaxe":10,"vanillaplustools:stone_hammer":1,"minecraft:torch":8,"iceandfire:armor_copper_metal_boots":1,"minecraft:dirt":4,"minecraft:crafting_table":2,"iceandfire:armor_copper_metal_chestplate":1,"minecraft:melon_slice":17,"minecraft:stone_axe":121,"minecraft:wooden_sword":6,"iceandfire:armor_copper_metal_helmet":1,"alexsmobs:animal_dictionary":1,"quark:oak_chest":1},"minecraft:killed_by":{"minecraft:drowned":1},"minecraft:custom":{"minecraft:interact_with_furnace":22,"minecraft:mob_kills":3,"minecraft:interact_with_crafting_table":10,"minecraft:damage_dealt_resisted":6,"minecraft:time_since_death":16892,"minecraft:climb_one_cm":2564,"minecraft:time_since_rest":15292,"minecraft:sprint_one_cm":63245,"minecraft:damage_taken":671,"minecraft:walk_one_cm":147199,"minecraft:drop":4,"minecraft:damage_dealt":483,"minecraft:fly_one_cm":19128,"minecraft:open_chest":9,"minecraft:crouch_one_cm":994,"minecraft:play_time":51988,"tombstone:undead_killed":1,"minecraft:deaths":1,"minecraft:sneak_time":177,"minecraft:walk_under_water_one_cm":9148,"minecraft:jump":287,"minecraft:walk_on_water_one_cm":18837,"minecraft:total_world_time":51988,"minecraft:fall_one_cm":2270}},"DataVersion":3465}