{"stats":{"minecraft:picked_up":{"born_in_chaos_v1:corpse_maggot":1,"minecraft:cocoa_beans":1,"minecraft:crafting_table":5,"minecraft:andesite":55,"minecraft:jungle_log":55,"minecraft:brown_wool":2,"minecraft:leather":4,"iceandfire:armor_copper_metal_chestplate":1,"ecologics:seashell":1,"minecraft:wooden_pickaxe":1,"minecraft:oak_log":95,"supplementaries:flax_seeds":1,"minecraft:shield":1,"iceandfire:armor_copper_metal_helmet":1,"minecraft:lapis_lazuli":6,"minecraft:string":9,"minecraft:dirt":28,"minecraft:raw_copper":41,"minecraft:wooden_sword":1,"born_in_chaos_v1:intoxicating_decoction":1,"minecraft:bone":1,"minecraft:wheat_seeds":6,"minecraft:beef":3,"minecraft:jungle_sapling":1,"minecraft:bamboo":61,"minecraft:melon_slice":120,"minecraft:oak_planks":27,"minecraft:egg":1,"minecraft:stick":14,"iceandfire:copper_nugget":6,"ecologics:coconut_slice":6,"luminousworld:creepberries":7,"iceandfire:armor_copper_metal_leggings":1,"minecraft:torch":6,"minecraft:acacia_log":2,"quark:jungle_chest":1,"minecraft:porkchop":3,"born_in_chaos_v1:dark_rod":1,"minecraft:jungle_planks":1,"iceandfire:crackled_gravel":2,"iceandfire:armor_copper_metal_boots":1,"tombstone:grave_dust":2,"minecraft:diorite":6,"minecraft:spider_eye":1,"alexsmobs:animal_dictionary":1,"minecraft:rotten_flesh":14,"stalwart_dungeons:stone_hammer":1,"iceandfire:silver_sword":4,"ecologics:coconut_log":9,"supplementaries:ash":2,"minecraft:oak_sapling":6,"minecraft:netherrack":16,"minecraft:mutton":1,"minecraft:coal":84,"iceandfire:raw_silver":3,"minecraft:cobblestone":224},"minecraft:dropped":{"minecraft:stone_axe":1,"alexsmobs:animal_dictionary":2,"luminousworld:creepberries":5,"minecraft:torch":32,"minecraft:melon_slice":15,"minecraft:oak_sapling":1,"minecraft:smooth_stone":6},"minecraft:broken":{"minecraft:stone_axe":1,"iceandfire:armor_copper_metal_boots":1,"iceandfire:armor_copper_metal_helmet":1},"minecraft:mined":{"minecraft:podzol":7,"iceandfire:silver_ore":2,"minecraft:crafting_table":4,"minecraft:torch":3,"minecraft:grass_block":7,"minecraft:melon":22,"minecraft:jungle_log":50,"supplementaries:wild_flax":1,"quark:jungle_chest":1,"minecraft:copper_ore":11,"ecologics:coconut_log":9,"minecraft:oak_planks":7,"minecraft:diorite":6,"minecraft:wall_torch":3,"minecraft:coarse_dirt":1,"ecologics:seashell":1,"minecraft:andesite":55,"minecraft:grass":39,"minecraft:coal_ore":84,"minecraft:oak_log":97,"minecraft:cocoa":1,"minecraft:vine":7,"minecraft:dirt":6,"minecraft:cobweb":2,"minecraft:bamboo":4,"minecraft:stone":145,"minecraft:oak_leaves":1,"minecraft:fern":15,"luminousworld:creepbush":7},"minecraft:crafted":{"minecraft:oak_planks":68,"minecraft:smooth_stone":6,"sophisticatedbackpacks:backpack":1,"vanillaplustools:stone_hammer":1,"minecraft:crafting_table":2,"quark:jungle_chest":5,"minecraft:copper_ingot":17,"minecraft:stone_axe":2,"minecraft:cooked_mutton":1,"minecraft:air":0,"minecraft:jungle_planks":40,"minecraft:stick":76,"quark:oak_chest":2,"minecraft:iron_ingot":4,"minecraft:stone_pickaxe":11,"minecraft:wooden_axe":1,"minecraft:stone_sword":1,"minecraft:torch":96},"minecraft:killed":{"minecraft:pig":1,"undead_revamp2:the_moonflower":2,"minecraft:spider":6,"enemyexpansion:direwolf":2,"born_in_chaos_v1:baby_skeleton_minion":3,"born_in_chaos_v1:maggot":2,"naturalist:coral_snake":1,"minecraft:zombie":1,"alexsmobs:terrapin":1,"born_in_chaos_v1:corpse_fly":1,"born_in_chaos_v1:dark_vortex":1,"minecraft:cow":3},"minecraft:used":{"minecraft:cooked_mutton":5,"iceandfire:silver_sword":246,"iceandfire:armor_copper_metal_leggings":1,"minecraft:stone_pickaxe":124,"born_in_chaos_v1:intoxicating_decoction":1,"quark:jungle_chest":6,"minecraft:wooden_pickaxe":10,"minecraft:shield":2,"vanillaplustools:stone_hammer":21,"minecraft:torch":11,"iceandfire:armor_copper_metal_boots":1,"minecraft:dirt":15,"minecraft:crafting_table":6,"luminousworld:creepberries":2,"born_in_chaos_v1:corpse_maggot":1,"minecraft:wooden_axe":11,"iceandfire:armor_copper_metal_chestplate":1,"minecraft:melon_slice":84,"ecologics:coconut_slice":6,"minecraft:stone_axe":184,"stalwart_dungeons:stone_hammer":5,"minecraft:wooden_sword":6,"minecraft:cobblestone":9,"iceandfire:armor_copper_metal_helmet":1,"quark:oak_chest":1,"alexsmobs:animal_dictionary":1,"minecraft:egg":1},"minecraft:killed_by":{"minecraft:skeleton":1,"iceandfire:lightning_dragon":1,"enemyexpansion:huntsman":1,"minecraft:drowned":1,"enemyexpansion:meature":1,"undead_revamp2:thespitter":1,"alexsmobs:tiger":1},"minecraft:custom":{"minecraft:interact_with_furnace":40,"minecraft:mob_kills":33,"minecraft:interact_with_crafting_table":14,"minecraft:damage_dealt_resisted":456,"minecraft:leave_game":5,"minecraft:time_since_death":1967,"minecraft:climb_one_cm":18057,"minecraft:time_since_rest":1,"minecraft:sprint_one_cm":558962,"minecraft:damage_taken":5384,"minecraft:walk_one_cm":530469,"minecraft:damage_blocked_by_shield":150,"minecraft:drop":23,"minecraft:damage_dealt":5552,"minecraft:player_kills":1,"minecraft:swim_one_cm":32625,"minecraft:fly_one_cm":266120,"minecraft:open_chest":35,"minecraft:crouch_one_cm":2230,"minecraft:play_time":163367,"tombstone:undead_killed":6,"minecraft:deaths":8,"minecraft:sneak_time":750,"minecraft:walk_under_water_one_cm":29271,"minecraft:jump":2065,"minecraft:walk_on_water_one_cm":120564,"minecraft:total_world_time":163367,"minecraft:fall_one_cm":23534}},"DataVersion":3465}