{"stats":{"minecraft:picked_up":{"minecraft:wheat":1,"iceandfire:armor_copper_metal_chestplate":1,"minecraft:oak_stairs":2,"earthmobsmod:fancy_egg":3,"minecraft:potion":2,"minecraft:amethyst_block":18,"minecraft:string":12,"minecraft:raw_copper":41,"minecraft:armor_stand":1,"minecraft:gold_nugget":158,"minecraft:smooth_stone":4,"earthmobsmod:duck_egg":1,"minecraft:calcite":17,"minecraft:iron_pickaxe":1,"minecraft:melon_slice":132,"minecraft:stick":33,"iceandfire:armor_copper_metal_leggings":1,"minecraft:torch":30,"iceandfire:pixie_house_mushroom_brown":1,"minecraft:acacia_log":2,"minecraft:porkchop":42,"iceandfire:crackled_gravel":2,"tombstone:grave_dust":8,"minecraft:diorite":11,"aether:golden_gloves":1,"minecraft:rabbit_foot":1,"minecraft:brown_carpet":4,"minecraft:rotten_flesh":23,"luminousworld:yellow_grassflowers":3,"minecraft:tropical_fish":1,"ecologics:coconut_log":9,"minecraft:cyan_terracotta":3,"supplementaries:ash":28,"minecraft:cobblestone":326,"minecraft:birch_log":3,"minecraft:andesite":60,"minecraft:jungle_log":55,"minecraft:brown_wool":2,"minecraft:smoker":1,"luminousworld:purple_petunias":1,"supplementaries:flax_seeds":1,"minecraft:wither_skeleton_skull":1,"minecraft:lapis_lazuli":20,"minecraft:dirt":98,"minecraft:cut_sandstone_slab":7,"born_in_chaos_v1:monster_skin":1,"minecraft:bone":30,"minecraft:bow":2,"minecraft:wheat_seeds":9,"minecraft:mossy_stone_bricks":3,"minecraft:bamboo":61,"minecraft:oak_planks":27,"minecraft:cooked_porkchop":1,"iceandfire:podium_spruce":1,"luminousworld:creepberries":7,"iceandfire:copper_axe":1,"minecraft:stripped_acacia_wood":2,"iceandfire:pixie_house_birch":1,"minecraft:jungle_planks":1,"alexsmobs:animal_dictionary":1,"minecraft:dark_prismarine":15,"minecraft:bundle":1,"minecraft:clay":2,"stalwart_dungeons:stone_hammer":1,"minecraft:granite":27,"minecraft:spruce_sign":1,"minecraft:emerald":5,"minecraft:oak_sapling":6,"minecraft:light_gray_carpet":2,"minecraft:netherrack":16,"iceandfire:raw_silver":3,"minecraft:cocoa_beans":1,"undead_revamp2:bostroxingot":1,"minecraft:charcoal":2,"minecraft:crafting_table":5,"iceandfire:pixie_house_oak":2,"iceandfire:witherbone":16,"born_in_chaos_v1:river_mint":4,"minecraft:clay_ball":8,"ecologics:seashell":1,"minecraft:wooden_pickaxe":1,"minecraft:stone_brick_wall":2,"minecraft:shield":1,"minecraft:wooden_sword":1,"born_in_chaos_v1:intoxicating_decoction":1,"minecraft:item_frame":2,"minecraft:cyan_carpet":1,"iceandfire:bestiary":2,"minecraft:beef":3,"minecraft:jungle_sapling":1,"minecraft:phantom_membrane":3,"minecraft:egg":2,"minecraft:raw_iron":63,"ecologics:coconut_slice":6,"quark:jungle_chest":1,"minecraft:stone_button":2,"iceandfire:armor_copper_metal_boots":2,"minecraft:stone_pressure_plate":1,"minecraft:dark_oak_planks":2,"minecraft:arrow":19,"minecraft:stone_shovel":1,"minecraft:nether_bricks":2,"minecraft:mutton":1,"minecraft:glow_berries":1,"minecraft:skeleton_skull":2,"born_in_chaos_v1:corpse_maggot":10,"luminousworld:ishstone":3,"minecraft:leather":15,"minecraft:birch_planks":6,"minecraft:mushroom_stew":1,"minecraft:oak_log":95,"iceandfire:armor_copper_metal_helmet":2,"minecraft:paper":18,"minecraft:white_banner":2,"iceandfire:pixie_house_mushroom_red":2,"minecraft:rabbit_hide":3,"minecraft:iron_sword":4,"minecraft:book":2,"iceandfire:copper_nugget":6,"minecraft:smooth_basalt":16,"iceandfire:ash":1,"born_in_chaos_v1:dark_rod":1,"minecraft:spruce_sapling":2,"minecraft:spider_eye":1,"undead_revamp2:rawbostrox":2,"iceandfire:silver_sword":4,"vanillaplustools:stone_hammer":1,"minecraft:coal":121},"minecraft:dropped":{"minecraft:iron_sword":1,"minecraft:birch_planks":4,"minecraft:glass_bottle":1,"minecraft:cut_sandstone_slab":6,"minecraft:dirt":6,"minecraft:stone_button":2,"minecraft:gold_nugget":126,"iceandfire:ash":1,"undead_revamp2:blacpetalblock":1,"minecraft:stone_axe":1,"alexsmobs:animal_dictionary":2,"minecraft:rotten_flesh":19,"minecraft:light_gray_carpet":2,"minecraft:rabbit_foot":1,"supplementaries:ash":32,"minecraft:charcoal":2,"minecraft:stone_brick_wall":2,"born_in_chaos_v1:corpse_maggot":5,"iceandfire:bestiary":1,"vanillaplustools:stone_hammer":1,"minecraft:wheat_seeds":2,"luminousworld:creepberries":5,"minecraft:granite":27,"minecraft:coal":6,"minecraft:stick":18,"born_in_chaos_v1:river_mint":4,"iceandfire:podium_spruce":1,"minecraft:diorite":5,"minecraft:torch":38,"minecraft:melon_slice":15,"minecraft:oak_stairs":2,"minecraft:white_banner":2,"minecraft:smooth_stone":10,"minecraft:paper":9,"minecraft:string":7,"minecraft:spruce_sapling":2,"iceandfire:witherbone":20,"minecraft:stone_shovel":3,"minecraft:wither_skeleton_skull":1,"minecraft:nether_bricks":2,"undead_revamp2:bostroxingot":1,"luminousworld:yellow_grassflowers":3,"minecraft:mossy_stone_bricks":3,"minecraft:oak_sapling":1,"minecraft:spider_eye":1,"minecraft:brown_carpet":4,"minecraft:bow":1,"minecraft:dark_prismarine":6},"minecraft:broken":{"aether:golden_gloves":1,"iceandfire:silver_sword":1,"minecraft:stone_pickaxe":2,"minecraft:golden_sword":2,"minecraft:stone_axe":1,"minecraft:iron_sword":1,"iceandfire:armor_copper_metal_helmet":2,"minecraft:leather_chestplate":1,"iceandfire:armor_copper_metal_leggings":1,"iceandfire:armor_copper_metal_boots":2},"minecraft:mined":{"minecraft:dark_oak_planks":2,"minecraft:cut_sandstone_slab":2,"minecraft:cave_vines_plant":1,"minecraft:granite":9,"minecraft:grass_block":11,"minecraft:jungle_log":50,"iceandfire:pixie_house_oak":2,"minecraft:spawner":4,"undead_revamp2:bostroxore":2,"minecraft:iron_ore":62,"minecraft:cave_vines":1,"iceandfire:gold_pile":12,"minecraft:player_head":1,"luminousworld:creepbush":7,"minecraft:smoker":1,"minecraft:torch":4,"minecraft:clay":1,"minecraft:blast_furnace":1,"minecraft:calcite":2,"minecraft:melon":22,"supplementaries:wild_flax":1,"minecraft:cobblestone":7,"minecraft:oak_planks":7,"minecraft:wall_torch":3,"minecraft:skeleton_skull":1,"ecologics:seashell":1,"minecraft:birch_log":3,"minecraft:grass":39,"minecraft:oak_log":97,"minecraft:dirt":70,"luminousworld:grassvariant_3":1,"minecraft:oak_leaves":3,"minecraft:dark_prismarine":18,"iceandfire:silver_ore":2,"iceandfire:pixie_house_birch":1,"minecraft:nether_bricks":2,"quark:jungle_chest":1,"luminousworld:blackberrybush":1,"ecologics:coconut_log":9,"minecraft:spruce_leaves":14,"minecraft:acacia_slab":1,"minecraft:andesite":55,"minecraft:vine":7,"minecraft:deepslate_iron_ore":3,"minecraft:bamboo":4,"minecraft:stone":168,"iceandfire:podium_spruce":1,"minecraft:podzol":7,"minecraft:crafting_table":4,"minecraft:campfire":1,"minecraft:copper_ore":11,"minecraft:lapis_ore":2,"minecraft:diorite":6,"supplementaries:urn":7,"minecraft:birch_planks":4,"minecraft:coarse_dirt":1,"iceandfire:pixie_house_mushroom_red":2,"minecraft:coal_ore":118,"luminousworld:ishstone":1,"minecraft:cocoa":1,"minecraft:cobweb":6,"minecraft:stripped_acacia_wood":1,"minecraft:small_dripleaf":1,"minecraft:fern":15},"minecraft:crafted":{"minecraft:smooth_stone":6,"minecraft:oak_planks":68,"minecraft:cooked_mutton":1,"sophisticatedbackpacks:backpack":1,"minecraft:cooked_porkchop":3,"minecraft:crafting_table":3,"minecraft:copper_ingot":17,"minecraft:birch_planks":12,"minecraft:stick":92,"quark:oak_chest":2,"minecraft:iron_ingot":27,"minecraft:stone_sword":1,"minecraft:stone_shovel":4,"vanillaplustools:stone_hammer":1,"quark:jungle_chest":5,"minecraft:stone_pickaxe":11,"minecraft:cooked_beef":3,"minecraft:iron_sword":1,"minecraft:stone_axe":2,"minecraft:air":0,"minecraft:jungle_planks":40,"minecraft:wooden_axe":1,"minecraft:torch":96},"minecraft:killed":{"luminousworld:miner_zombie":1,"minecraft:spider":7,"born_in_chaos_v1:baby_skeleton_minion":3,"minecraft:skeleton":9,"minecraft:silverfish":1,"minecraft:pig":1,"minecraft:zombie":2,"born_in_chaos_v1:dread_hound":1,"alexsmobs:terrapin":1,"illagerinvasion:sorcerer":1,"born_in_chaos_v1:corpse_fly":4,"luminousworld:dark_oak_zombie":1,"minecraft:cow":3,"enemyexpansion:direwolf":3,"minecraft:slime":3,"born_in_chaos_v1:maggot":5,"minecraft:phantom":2,"naturalist:coral_snake":1,"undead_revamp2:sucker":1,"born_in_chaos_v1:fallen_chaos_knight":1,"undead_revamp2:the_moonflower":2,"minecraft:hoglin":9,"born_in_chaos_v1:dark_vortex":1,"minecraft:wither_skeleton":14},"minecraft:used":{"born_in_chaos_v1:intoxicating_decoction":1,"minecraft:shield":29,"minecraft:iron_sword":302,"born_in_chaos_v1:corpse_maggot":7,"minecraft:cyan_terracotta":2,"minecraft:golden_sword":64,"minecraft:bow":11,"minecraft:skeleton_skull":2,"minecraft:egg":2,"minecraft:stone_pickaxe":261,"minecraft:wooden_pickaxe":10,"minecraft:leather_chestplate":1,"minecraft:clay":2,"minecraft:glow_berries":2,"minecraft:cut_sandstone_slab":2,"minecraft:mushroom_stew":1,"luminousworld:creepberries":2,"iceandfire:armor_copper_metal_chestplate":1,"minecraft:melon_slice":133,"minecraft:bread":10,"minecraft:cyan_carpet":1,"ecologics:coconut_slice":6,"minecraft:wooden_sword":6,"minecraft:stripped_acacia_wood":4,"iceandfire:silver_sword":489,"iceandfire:armor_copper_metal_leggings":1,"minecraft:stone_shovel":48,"quark:jungle_chest":6,"vanillaplustools:stone_hammer":23,"minecraft:torch":20,"iceandfire:armor_copper_metal_boots":1,"minecraft:dirt":80,"minecraft:wooden_axe":11,"minecraft:dark_oak_planks":2,"iceandfire:copper_axe":76,"iceandfire:armor_copper_metal_helmet":1,"tombstone:gift":4,"minecraft:iron_leggings":1,"minecraft:calcite":2,"minecraft:cooked_mutton":5,"minecraft:birch_planks":4,"minecraft:bundle":1,"luminousworld:ishstone":1,"minecraft:crafting_table":7,"minecraft:dark_prismarine":12,"minecraft:iron_pickaxe":42,"tombstone:magic_scroll":1,"minecraft:stone_axe":184,"stalwart_dungeons:stone_hammer":5,"minecraft:cobblestone":83,"minecraft:cooked_porkchop":1,"minecraft:pumpkin_pie":4,"quark:oak_chest":1,"alexsmobs:animal_dictionary":1},"minecraft:killed_by":{"minecraft:wither_skeleton":17,"minecraft:drowned":1,"enemyexpansion:meature":1,"enemyexpansion:huntsman":1,"iceandfire:fire_dragon":8,"minecraft:player":2,"enemyexpansion:equestrian":1,"undead_revamp2:thespitter":1,"alexsmobs:tiger":1,"minecraft:hoglin":6,"minecraft:skeleton":6,"iceandfire:lightning_dragon":1,"minecraft:phantom":1,"born_in_chaos_v1:dread_hound":1},"minecraft:custom":{"minecraft:interact_with_crafting_table":19,"minecraft:open_barrel":15,"minecraft:eat_cake_slice":3,"minecraft:leave_game":5,"minecraft:time_since_death":81,"minecraft:sprint_one_cm":1229316,"minecraft:damage_blocked_by_shield":1815,"minecraft:drop":109,"minecraft:play_time":397367,"minecraft:deaths":56,"minecraft:jump":4544,"minecraft:walk_on_water_one_cm":153914,"minecraft:interact_with_furnace":66,"minecraft:interact_with_cartography_table":1,"minecraft:sleep_in_bed":2,"minecraft:damage_dealt":27023,"minecraft:player_kills":2,"minecraft:crouch_one_cm":55030,"tombstone:undead_killed":36,"minecraft:mob_kills":110,"minecraft:damage_dealt_resisted":456,"minecraft:climb_one_cm":28581,"minecraft:walk_one_cm":1243531,"minecraft:sneak_time":9269,"minecraft:walk_under_water_one_cm":40634,"minecraft:interact_with_blast_furnace":2,"minecraft:total_world_time":397367,"tombstone:raider_killed":3,"minecraft:tune_noteblock":2,"minecraft:time_since_rest":1,"minecraft:damage_taken":20179,"minecraft:swim_one_cm":63513,"minecraft:fly_one_cm":644613,"minecraft:open_chest":143,"minecraft:fall_one_cm":71796}},"DataVersion":3465}