{"stats":{"minecraft:picked_up":{"minecraft:cocoa_beans":1,"minecraft:stick":12,"minecraft:crafting_table":2,"minecraft:brown_wool":2,"minecraft:torch":1,"minecraft:wooden_pickaxe":1,"minecraft:jungle_planks":1,"minecraft:oak_log":6,"minecraft:dirt":2,"minecraft:lapis_lazuli":6,"alexsmobs:animal_dictionary":1,"minecraft:raw_copper":24,"minecraft:wooden_sword":1,"iceandfire:silver_sword":1,"minecraft:wheat_seeds":1,"minecraft:melon_slice":17,"minecraft:mutton":1,"minecraft:oak_planks":13,"minecraft:coal":68,"iceandfire:raw_silver":1,"minecraft:cobblestone":103},"minecraft:dropped":{"minecraft:torch":32,"alexsmobs:animal_dictionary":2},"minecraft:mined":{"minecraft:torch":1,"minecraft:crafting_table":1,"minecraft:coal_ore":68,"minecraft:oak_log":6,"minecraft:cocoa":1,"minecraft:dirt":2,"minecraft:copper_ore":7,"minecraft:stone":30,"minecraft:fern":2},"minecraft:crafted":{"minecraft:oak_planks":24,"vanillaplustools:stone_hammer":1,"minecraft:stick":72,"minecraft:stone_pickaxe":10,"minecraft:stone_sword":1,"minecraft:torch":96},"minecraft:killed":{"minecraft:zombie":1,"enemyexpansion:direwolf":1},"minecraft:used":{"minecraft:melon_slice":6,"minecraft:stone_pickaxe":91,"minecraft:wooden_pickaxe":10,"vanillaplustools:stone_hammer":1,"minecraft:torch":3,"minecraft:wooden_sword":6,"minecraft:dirt":2,"minecraft:crafting_table":2,"alexsmobs:animal_dictionary":1},"minecraft:custom":{"minecraft:time_since_rest":27988,"minecraft:interact_with_furnace":5,"minecraft:sprint_one_cm":14140,"minecraft:damage_taken":110,"minecraft:walk_one_cm":68911,"minecraft:mob_kills":2,"minecraft:drop":3,"minecraft:damage_dealt":355,"minecraft:interact_with_crafting_table":6,"minecraft:fly_one_cm":2741,"minecraft:crouch_one_cm":272,"minecraft:play_time":27988,"tombstone:undead_killed":1,"minecraft:sneak_time":110,"minecraft:walk_under_water_one_cm":3294,"minecraft:jump":88,"minecraft:damage_dealt_resisted":6,"minecraft:walk_on_water_one_cm":5731,"minecraft:time_since_death":27988,"minecraft:total_world_time":27988,"minecraft:climb_one_cm":600,"minecraft:fall_one_cm":685}},"DataVersion":3465}