{"stats":{"minecraft:picked_up":{"minecraft:cocoa_beans":1,"minecraft:crafting_table":2,"minecraft:jungle_log":23,"minecraft:brown_wool":2,"minecraft:wooden_pickaxe":1,"iceandfire:armor_copper_metal_chestplate":1,"minecraft:oak_log":6,"iceandfire:armor_copper_metal_helmet":1,"minecraft:lapis_lazuli":6,"minecraft:dirt":7,"minecraft:raw_copper":24,"minecraft:wooden_sword":1,"minecraft:wheat_seeds":1,"minecraft:bamboo":2,"minecraft:melon_slice":17,"minecraft:oak_planks":20,"minecraft:stick":12,"iceandfire:armor_copper_metal_leggings":1,"minecraft:torch":3,"quark:jungle_chest":1,"minecraft:jungle_planks":1,"iceandfire:armor_copper_metal_boots":1,"alexsmobs:animal_dictionary":1,"stalwart_dungeons:stone_hammer":1,"iceandfire:silver_sword":1,"minecraft:mutton":1,"minecraft:coal":76,"iceandfire:raw_silver":1,"minecraft:cobblestone":109},"minecraft:dropped":{"alexsmobs:animal_dictionary":2,"minecraft:torch":32,"minecraft:smooth_stone":6},"minecraft:mined":{"minecraft:podzol":1,"minecraft:crafting_table":1,"minecraft:torch":2,"minecraft:jungle_log":24,"quark:jungle_chest":1,"minecraft:copper_ore":7,"minecraft:wall_torch":1,"minecraft:grass":2,"minecraft:oak_log":6,"minecraft:coal_ore":76,"minecraft:cocoa":1,"minecraft:vine":3,"minecraft:dirt":6,"minecraft:stone":36,"minecraft:fern":2},"minecraft:crafted":{"minecraft:smooth_stone":6,"minecraft:oak_planks":24,"vanillaplustools:stone_hammer":1,"quark:jungle_chest":5,"minecraft:stone_axe":1,"minecraft:cooked_mutton":1,"minecraft:air":0,"minecraft:jungle_planks":40,"minecraft:stick":72,"quark:oak_chest":1,"minecraft:stone_pickaxe":11,"minecraft:stone_sword":1,"minecraft:torch":96},"minecraft:killed":{"enemyexpansion:direwolf":1,"minecraft:zombie":1},"minecraft:used":{"iceandfire:armor_copper_metal_leggings":1,"minecraft:stone_pickaxe":105,"quark:jungle_chest":6,"minecraft:wooden_pickaxe":10,"vanillaplustools:stone_hammer":1,"minecraft:torch":7,"iceandfire:armor_copper_metal_boots":1,"minecraft:dirt":4,"minecraft:crafting_table":2,"iceandfire:armor_copper_metal_chestplate":1,"minecraft:melon_slice":8,"minecraft:stone_axe":31,"minecraft:wooden_sword":6,"iceandfire:armor_copper_metal_helmet":1,"alexsmobs:animal_dictionary":1,"quark:oak_chest":1},"minecraft:killed_by":{"minecraft:drowned":1},"minecraft:custom":{"minecraft:interact_with_furnace":22,"minecraft:mob_kills":2,"minecraft:interact_with_crafting_table":10,"minecraft:damage_dealt_resisted":6,"minecraft:time_since_death":4892,"minecraft:climb_one_cm":1716,"minecraft:time_since_rest":3292,"minecraft:sprint_one_cm":43727,"minecraft:damage_taken":413,"minecraft:walk_one_cm":98452,"minecraft:drop":4,"minecraft:damage_dealt":355,"minecraft:fly_one_cm":12078,"minecraft:open_chest":9,"minecraft:crouch_one_cm":994,"minecraft:play_time":39988,"tombstone:undead_killed":1,"minecraft:deaths":1,"minecraft:sneak_time":177,"minecraft:walk_under_water_one_cm":3294,"minecraft:jump":177,"minecraft:walk_on_water_one_cm":10033,"minecraft:total_world_time":39988,"minecraft:fall_one_cm":1585}},"DataVersion":3465}