{"stats":{"minecraft:picked_up":{"minecraft:cocoa_beans":1,"minecraft:crafting_table":2,"minecraft:jungle_log":49,"minecraft:brown_wool":2,"minecraft:wooden_pickaxe":1,"iceandfire:armor_copper_metal_chestplate":1,"minecraft:oak_log":67,"minecraft:shield":1,"iceandfire:armor_copper_metal_helmet":1,"minecraft:lapis_lazuli":6,"minecraft:string":1,"minecraft:dirt":15,"minecraft:raw_copper":24,"minecraft:wooden_sword":1,"minecraft:bone":1,"minecraft:wheat_seeds":1,"minecraft:bamboo":11,"minecraft:melon_slice":49,"minecraft:oak_planks":27,"minecraft:stick":12,"iceandfire:armor_copper_metal_leggings":1,"minecraft:torch":6,"quark:jungle_chest":1,"born_in_chaos_v1:dark_rod":1,"minecraft:jungle_planks":1,"tombstone:grave_dust":2,"iceandfire:armor_copper_metal_boots":1,"alexsmobs:animal_dictionary":1,"minecraft:rotten_flesh":2,"stalwart_dungeons:stone_hammer":1,"iceandfire:silver_sword":1,"supplementaries:ash":1,"minecraft:mutton":1,"minecraft:coal":76,"iceandfire:raw_silver":1,"minecraft:cobblestone":116},"minecraft:dropped":{"alexsmobs:animal_dictionary":2,"minecraft:torch":32,"minecraft:smooth_stone":6},"minecraft:broken":{"minecraft:stone_axe":1},"minecraft:mined":{"minecraft:podzol":1,"minecraft:crafting_table":1,"minecraft:torch":3,"minecraft:melon":6,"minecraft:jungle_log":50,"quark:jungle_chest":1,"minecraft:copper_ore":7,"minecraft:oak_planks":7,"minecraft:wall_torch":3,"minecraft:coarse_dirt":1,"minecraft:grass":6,"minecraft:oak_log":69,"minecraft:coal_ore":76,"minecraft:cocoa":1,"minecraft:vine":5,"minecraft:dirt":6,"minecraft:stone":37,"minecraft:fern":3},"minecraft:crafted":{"minecraft:smooth_stone":6,"minecraft:oak_planks":28,"vanillaplustools:stone_hammer":1,"minecraft:crafting_table":1,"quark:jungle_chest":5,"minecraft:stone_axe":1,"minecraft:cooked_mutton":1,"minecraft:air":0,"minecraft:jungle_planks":40,"minecraft:stick":76,"quark:oak_chest":1,"minecraft:iron_ingot":4,"minecraft:stone_pickaxe":11,"minecraft:stone_sword":1,"minecraft:torch":96},"minecraft:killed":{"minecraft:spider":1,"enemyexpansion:direwolf":1,"born_in_chaos_v1:baby_skeleton_minion":3,"minecraft:zombie":1,"alexsmobs:terrapin":1,"born_in_chaos_v1:dark_vortex":1},"minecraft:used":{"minecraft:cooked_mutton":4,"iceandfire:silver_sword":35,"iceandfire:armor_copper_metal_leggings":1,"minecraft:stone_pickaxe":106,"quark:jungle_chest":6,"minecraft:wooden_pickaxe":10,"vanillaplustools:stone_hammer":1,"minecraft:torch":9,"iceandfire:armor_copper_metal_boots":1,"minecraft:dirt":5,"minecraft:crafting_table":2,"iceandfire:armor_copper_metal_chestplate":1,"minecraft:melon_slice":18,"stalwart_dungeons:stone_hammer":1,"minecraft:stone_axe":135,"minecraft:wooden_sword":6,"iceandfire:armor_copper_metal_helmet":1,"alexsmobs:animal_dictionary":1,"quark:oak_chest":1},"minecraft:killed_by":{"minecraft:drowned":1},"minecraft:custom":{"minecraft:interact_with_furnace":34,"minecraft:mob_kills":9,"minecraft:interact_with_crafting_table":10,"minecraft:damage_dealt_resisted":26,"minecraft:time_since_death":28892,"minecraft:climb_one_cm":3166,"minecraft:time_since_rest":27292,"minecraft:sprint_one_cm":108637,"minecraft:damage_taken":924,"minecraft:walk_one_cm":199075,"minecraft:drop":4,"minecraft:damage_dealt":1333,"minecraft:fly_one_cm":36667,"minecraft:open_chest":17,"minecraft:crouch_one_cm":1381,"minecraft:play_time":63988,"tombstone:undead_killed":4,"minecraft:deaths":1,"minecraft:sneak_time":235,"minecraft:walk_under_water_one_cm":9165,"minecraft:jump":447,"minecraft:walk_on_water_one_cm":24459,"minecraft:total_world_time":63988,"minecraft:fall_one_cm":4196}},"DataVersion":3465}