{"stats":{"minecraft:picked_up":{"minecraft:cocoa_beans":1,"minecraft:crafting_table":4,"minecraft:andesite":55,"minecraft:jungle_log":49,"minecraft:leather":1,"minecraft:brown_wool":2,"minecraft:wooden_pickaxe":1,"iceandfire:armor_copper_metal_chestplate":1,"minecraft:oak_log":95,"minecraft:shield":1,"iceandfire:armor_copper_metal_helmet":1,"minecraft:lapis_lazuli":6,"minecraft:dirt":21,"minecraft:string":4,"minecraft:raw_copper":41,"minecraft:wooden_sword":1,"born_in_chaos_v1:intoxicating_decoction":1,"minecraft:bone":1,"minecraft:wheat_seeds":2,"minecraft:beef":1,"minecraft:bamboo":45,"minecraft:melon_slice":106,"minecraft:oak_planks":27,"minecraft:egg":1,"minecraft:stick":12,"iceandfire:armor_copper_metal_leggings":1,"luminousworld:creepberries":2,"minecraft:torch":6,"quark:jungle_chest":1,"minecraft:jungle_planks":1,"born_in_chaos_v1:dark_rod":1,"tombstone:grave_dust":2,"minecraft:diorite":6,"iceandfire:armor_copper_metal_boots":1,"alexsmobs:animal_dictionary":1,"minecraft:rotten_flesh":7,"stalwart_dungeons:stone_hammer":1,"iceandfire:silver_sword":1,"supplementaries:ash":1,"minecraft:oak_sapling":4,"minecraft:mutton":1,"minecraft:coal":84,"iceandfire:raw_silver":1,"minecraft:cobblestone":219},"minecraft:dropped":{"alexsmobs:animal_dictionary":2,"minecraft:torch":32,"minecraft:melon_slice":15,"minecraft:smooth_stone":6},"minecraft:broken":{"minecraft:stone_axe":1},"minecraft:mined":{"minecraft:podzol":3,"minecraft:crafting_table":3,"minecraft:torch":3,"minecraft:grass_block":4,"minecraft:melon":17,"minecraft:jungle_log":50,"quark:jungle_chest":1,"minecraft:copper_ore":11,"minecraft:oak_planks":7,"minecraft:diorite":6,"minecraft:wall_torch":3,"minecraft:coarse_dirt":1,"minecraft:andesite":55,"minecraft:grass":17,"minecraft:oak_log":97,"minecraft:coal_ore":84,"minecraft:cocoa":1,"minecraft:vine":7,"minecraft:dirt":6,"minecraft:bamboo":1,"minecraft:stone":140,"minecraft:fern":5,"luminousworld:creepbush":2},"minecraft:crafted":{"minecraft:smooth_stone":6,"minecraft:oak_planks":32,"vanillaplustools:stone_hammer":1,"minecraft:crafting_table":1,"quark:jungle_chest":5,"minecraft:copper_ingot":17,"minecraft:stone_axe":2,"minecraft:cooked_mutton":1,"minecraft:air":0,"minecraft:jungle_planks":40,"minecraft:stick":76,"quark:oak_chest":1,"minecraft:iron_ingot":4,"minecraft:stone_pickaxe":11,"minecraft:wooden_axe":1,"minecraft:stone_sword":1,"minecraft:torch":96},"minecraft:killed":{"undead_revamp2:the_moonflower":2,"minecraft:spider":4,"enemyexpansion:direwolf":2,"born_in_chaos_v1:baby_skeleton_minion":3,"minecraft:zombie":1,"alexsmobs:terrapin":1,"born_in_chaos_v1:dark_vortex":1,"minecraft:cow":1},"minecraft:used":{"minecraft:cooked_mutton":5,"iceandfire:silver_sword":89,"iceandfire:armor_copper_metal_leggings":1,"minecraft:stone_pickaxe":117,"born_in_chaos_v1:intoxicating_decoction":1,"quark:jungle_chest":6,"minecraft:wooden_pickaxe":10,"minecraft:shield":2,"vanillaplustools:stone_hammer":21,"minecraft:torch":11,"iceandfire:armor_copper_metal_boots":1,"minecraft:dirt":10,"minecraft:crafting_table":4,"luminousworld:creepberries":2,"minecraft:wooden_axe":11,"iceandfire:armor_copper_metal_chestplate":1,"minecraft:melon_slice":30,"minecraft:stone_axe":168,"stalwart_dungeons:stone_hammer":5,"minecraft:wooden_sword":6,"minecraft:cobblestone":9,"iceandfire:armor_copper_metal_helmet":1,"alexsmobs:animal_dictionary":1,"quark:oak_chest":1,"minecraft:egg":1},"minecraft:killed_by":{"minecraft:skeleton":1,"minecraft:drowned":1},"minecraft:custom":{"minecraft:interact_with_furnace":40,"minecraft:mob_kills":18,"minecraft:interact_with_crafting_table":12,"minecraft:damage_dealt_resisted":26,"minecraft:leave_game":1,"minecraft:time_since_death":11079,"minecraft:climb_one_cm":6517,"minecraft:time_since_rest":8854,"minecraft:sprint_one_cm":227301,"minecraft:damage_taken":3297,"minecraft:walk_one_cm":298007,"minecraft:damage_blocked_by_shield":150,"minecraft:drop":19,"minecraft:damage_dealt":2606,"minecraft:player_kills":1,"minecraft:fly_one_cm":80454,"minecraft:open_chest":30,"minecraft:crouch_one_cm":1854,"minecraft:play_time":98824,"tombstone:undead_killed":6,"minecraft:deaths":3,"minecraft:sneak_time":687,"minecraft:walk_under_water_one_cm":19804,"minecraft:jump":832,"minecraft:walk_on_water_one_cm":82317,"minecraft:total_world_time":98824,"minecraft:fall_one_cm":6617}},"DataVersion":3465}