{"stats":{"minecraft:picked_up":{"minecraft:charcoal":2,"undead_revamp2:bostroxingot":1,"minecraft:cocoa_beans":1,"minecraft:crafting_table":5,"iceandfire:witherbone":16,"iceandfire:pixie_house_oak":2,"minecraft:clay_ball":8,"minecraft:wooden_pickaxe":1,"ecologics:seashell":1,"iceandfire:armor_copper_metal_chestplate":1,"minecraft:shield":1,"minecraft:amethyst_block":18,"minecraft:string":11,"minecraft:raw_copper":41,"minecraft:wooden_sword":1,"born_in_chaos_v1:intoxicating_decoction":1,"minecraft:beef":3,"minecraft:calcite":15,"minecraft:jungle_sapling":1,"minecraft:iron_pickaxe":1,"minecraft:melon_slice":132,"minecraft:phantom_membrane":3,"minecraft:egg":2,"minecraft:raw_iron":40,"minecraft:stick":24,"ecologics:coconut_slice":6,"iceandfire:armor_copper_metal_leggings":1,"iceandfire:pixie_house_mushroom_brown":1,"minecraft:torch":18,"minecraft:acacia_log":2,"quark:jungle_chest":1,"minecraft:porkchop":38,"iceandfire:crackled_gravel":2,"minecraft:diorite":6,"tombstone:grave_dust":6,"iceandfire:armor_copper_metal_boots":2,"minecraft:rabbit_foot":1,"minecraft:dark_oak_planks":2,"minecraft:stone_shovel":1,"minecraft:arrow":11,"minecraft:rotten_flesh":21,"minecraft:tropical_fish":1,"minecraft:nether_bricks":2,"ecologics:coconut_log":9,"minecraft:cyan_terracotta":3,"supplementaries:ash":9,"minecraft:glow_berries":1,"minecraft:mutton":1,"minecraft:skeleton_skull":2,"minecraft:birch_log":3,"minecraft:cobblestone":303,"born_in_chaos_v1:corpse_maggot":10,"minecraft:jungle_log":55,"minecraft:andesite":60,"luminousworld:ishstone":3,"minecraft:leather":15,"minecraft:brown_wool":2,"minecraft:smoker":1,"minecraft:birch_planks":2,"minecraft:oak_log":95,"supplementaries:flax_seeds":1,"iceandfire:armor_copper_metal_helmet":2,"minecraft:wither_skeleton_skull":1,"minecraft:cut_sandstone_slab":7,"minecraft:lapis_lazuli":6,"minecraft:dirt":97,"iceandfire:pixie_house_mushroom_red":2,"born_in_chaos_v1:monster_skin":1,"minecraft:bone":17,"minecraft:bow":1,"minecraft:wheat_seeds":6,"minecraft:rabbit_hide":3,"minecraft:bamboo":61,"minecraft:oak_planks":27,"minecraft:iron_sword":4,"iceandfire:copper_nugget":6,"minecraft:smooth_basalt":16,"iceandfire:copper_axe":1,"luminousworld:creepberries":7,"minecraft:stripped_acacia_wood":2,"iceandfire:pixie_house_birch":1,"minecraft:jungle_planks":1,"born_in_chaos_v1:dark_rod":1,"alexsmobs:animal_dictionary":1,"minecraft:spider_eye":1,"minecraft:dark_prismarine":15,"undead_revamp2:rawbostrox":2,"minecraft:clay":2,"stalwart_dungeons:stone_hammer":1,"iceandfire:silver_sword":4,"vanillaplustools:stone_hammer":1,"minecraft:oak_sapling":6,"minecraft:light_gray_carpet":2,"minecraft:netherrack":16,"minecraft:coal":103,"iceandfire:raw_silver":3},"minecraft:dropped":{"minecraft:iron_sword":1,"luminousworld:creepberries":5,"minecraft:cut_sandstone_slab":5,"minecraft:coal":6,"minecraft:stick":18,"minecraft:dirt":6,"minecraft:torch":32,"minecraft:melon_slice":15,"minecraft:smooth_stone":6,"minecraft:string":2,"minecraft:stone_axe":1,"alexsmobs:animal_dictionary":2,"iceandfire:witherbone":20,"minecraft:stone_shovel":3,"minecraft:rotten_flesh":7,"minecraft:wither_skeleton_skull":1,"minecraft:nether_bricks":2,"minecraft:rabbit_foot":1,"undead_revamp2:bostroxingot":1,"supplementaries:ash":1,"minecraft:oak_sapling":1,"vanillaplustools:stone_hammer":1,"minecraft:dark_prismarine":6},"minecraft:broken":{"aether:golden_gloves":1,"iceandfire:silver_sword":1,"minecraft:stone_pickaxe":1,"minecraft:golden_sword":1,"iceandfire:armor_copper_metal_leggings":1,"minecraft:stone_axe":1,"minecraft:iron_sword":1,"iceandfire:armor_copper_metal_boots":2,"iceandfire:armor_copper_metal_helmet":2},"minecraft:mined":{"minecraft:dark_oak_planks":2,"minecraft:dark_prismarine":18,"minecraft:cut_sandstone_slab":2,"iceandfire:silver_ore":2,"iceandfire:pixie_house_birch":1,"minecraft:cave_vines_plant":1,"minecraft:nether_bricks":2,"minecraft:grass_block":11,"minecraft:jungle_log":50,"iceandfire:pixie_house_oak":2,"quark:jungle_chest":1,"minecraft:acacia_slab":1,"ecologics:coconut_log":9,"minecraft:spawner":3,"undead_revamp2:bostroxore":2,"minecraft:iron_ore":39,"minecraft:andesite":55,"minecraft:cave_vines":1,"minecraft:deepslate_iron_ore":3,"minecraft:vine":7,"minecraft:bamboo":4,"minecraft:stone":153,"minecraft:player_head":1,"luminousworld:creepbush":7,"minecraft:podzol":7,"minecraft:smoker":1,"minecraft:clay":1,"minecraft:crafting_table":4,"minecraft:torch":4,"minecraft:melon":22,"minecraft:campfire":1,"supplementaries:wild_flax":1,"minecraft:copper_ore":11,"minecraft:cobblestone":5,"minecraft:oak_planks":7,"minecraft:diorite":6,"minecraft:wall_torch":3,"minecraft:skeleton_skull":1,"supplementaries:urn":4,"minecraft:coarse_dirt":1,"ecologics:seashell":1,"minecraft:birch_log":3,"iceandfire:pixie_house_mushroom_red":2,"minecraft:grass":39,"minecraft:oak_log":97,"minecraft:coal_ore":100,"luminousworld:ishstone":1,"minecraft:cocoa":1,"minecraft:dirt":70,"luminousworld:grassvariant_3":1,"minecraft:cobweb":5,"minecraft:stripped_acacia_wood":1,"minecraft:small_dripleaf":1,"minecraft:oak_leaves":3,"minecraft:fern":15},"minecraft:crafted":{"minecraft:smooth_stone":6,"minecraft:oak_planks":68,"minecraft:stone_shovel":4,"vanillaplustools:stone_hammer":1,"quark:jungle_chest":5,"minecraft:cooked_mutton":1,"minecraft:stone_pickaxe":11,"minecraft:cooked_beef":3,"sophisticatedbackpacks:backpack":1,"minecraft:cooked_porkchop":3,"minecraft:crafting_table":3,"minecraft:copper_ingot":17,"minecraft:birch_planks":12,"minecraft:stone_axe":2,"minecraft:air":0,"minecraft:jungle_planks":40,"minecraft:stick":92,"quark:oak_chest":2,"minecraft:iron_ingot":27,"minecraft:wooden_axe":1,"minecraft:stone_sword":1,"minecraft:torch":96},"minecraft:killed":{"luminousworld:miner_zombie":1,"minecraft:spider":7,"minecraft:slime":3,"enemyexpansion:direwolf":2,"born_in_chaos_v1:baby_skeleton_minion":3,"minecraft:phantom":2,"born_in_chaos_v1:maggot":5,"minecraft:skeleton":1,"naturalist:coral_snake":1,"undead_revamp2:sucker":1,"born_in_chaos_v1:fallen_chaos_knight":1,"minecraft:pig":1,"undead_revamp2:the_moonflower":2,"minecraft:hoglin":9,"minecraft:zombie":1,"born_in_chaos_v1:dread_hound":1,"alexsmobs:terrapin":1,"born_in_chaos_v1:corpse_fly":4,"born_in_chaos_v1:dark_vortex":1,"minecraft:wither_skeleton":14,"minecraft:cow":3},"minecraft:used":{"minecraft:stripped_acacia_wood":4,"iceandfire:silver_sword":489,"iceandfire:armor_copper_metal_leggings":1,"minecraft:stone_shovel":48,"born_in_chaos_v1:intoxicating_decoction":1,"quark:jungle_chest":6,"minecraft:shield":5,"minecraft:iron_sword":227,"vanillaplustools:stone_hammer":22,"minecraft:torch":19,"iceandfire:armor_copper_metal_boots":1,"minecraft:dirt":79,"minecraft:dark_oak_planks":2,"born_in_chaos_v1:corpse_maggot":3,"minecraft:wooden_axe":11,"minecraft:cyan_terracotta":2,"iceandfire:copper_axe":29,"minecraft:golden_sword":32,"minecraft:bow":11,"iceandfire:armor_copper_metal_helmet":1,"tombstone:gift":2,"minecraft:skeleton_skull":2,"minecraft:egg":2,"minecraft:cooked_mutton":5,"minecraft:bundle":1,"minecraft:stone_pickaxe":213,"minecraft:wooden_pickaxe":10,"luminousworld:ishstone":1,"minecraft:clay":2,"minecraft:glow_berries":2,"minecraft:cut_sandstone_slab":2,"minecraft:crafting_table":7,"luminousworld:creepberries":2,"minecraft:dark_prismarine":12,"iceandfire:armor_copper_metal_chestplate":1,"minecraft:melon_slice":133,"minecraft:iron_pickaxe":25,"minecraft:stone_axe":184,"stalwart_dungeons:stone_hammer":5,"ecologics:coconut_slice":6,"minecraft:wooden_sword":6,"minecraft:cobblestone":54,"quark:oak_chest":1,"alexsmobs:animal_dictionary":1},"minecraft:killed_by":{"minecraft:player":2,"minecraft:wither_skeleton":17,"minecraft:drowned":1,"enemyexpansion:meature":1,"enemyexpansion:huntsman":1,"undead_revamp2:thespitter":1,"alexsmobs:tiger":1,"minecraft:hoglin":6,"minecraft:skeleton":2,"iceandfire:lightning_dragon":1,"minecraft:phantom":1},"minecraft:custom":{"minecraft:mob_kills":95,"minecraft:interact_with_crafting_table":17,"minecraft:damage_dealt_resisted":456,"minecraft:leave_game":5,"minecraft:time_since_death":3707,"minecraft:climb_one_cm":22090,"minecraft:sprint_one_cm":909134,"minecraft:walk_one_cm":935203,"minecraft:damage_blocked_by_shield":330,"minecraft:drop":54,"minecraft:play_time":313367,"minecraft:deaths":40,"minecraft:sneak_time":8966,"minecraft:walk_under_water_one_cm":37950,"minecraft:jump":3632,"minecraft:walk_on_water_one_cm":136371,"minecraft:total_world_time":313367,"minecraft:interact_with_furnace":60,"tombstone:raider_killed":2,"minecraft:time_since_rest":3275,"minecraft:damage_taken":15192,"minecraft:damage_dealt":23886,"minecraft:fly_one_cm":423862,"minecraft:swim_one_cm":54083,"minecraft:player_kills":2,"minecraft:open_chest":114,"minecraft:crouch_one_cm":54639,"tombstone:undead_killed":26,"minecraft:fall_one_cm":49943}},"DataVersion":3465}