{"stats":{"minecraft:picked_up":{"undead_revamp2:bostroxingot":1,"minecraft:cocoa_beans":1,"minecraft:crafting_table":5,"iceandfire:pixie_house_oak":2,"minecraft:clay_ball":8,"minecraft:wooden_pickaxe":1,"ecologics:seashell":1,"iceandfire:armor_copper_metal_chestplate":1,"minecraft:shield":1,"minecraft:amethyst_block":18,"minecraft:string":9,"minecraft:raw_copper":41,"minecraft:wooden_sword":1,"born_in_chaos_v1:intoxicating_decoction":1,"minecraft:beef":3,"minecraft:calcite":15,"minecraft:jungle_sapling":1,"minecraft:iron_pickaxe":1,"minecraft:melon_slice":120,"minecraft:egg":1,"minecraft:raw_iron":40,"minecraft:stick":15,"ecologics:coconut_slice":6,"iceandfire:armor_copper_metal_leggings":1,"iceandfire:pixie_house_mushroom_brown":1,"minecraft:torch":18,"minecraft:acacia_log":2,"quark:jungle_chest":1,"minecraft:porkchop":3,"iceandfire:crackled_gravel":2,"minecraft:diorite":6,"tombstone:grave_dust":2,"iceandfire:armor_copper_metal_boots":2,"minecraft:rabbit_foot":1,"minecraft:rotten_flesh":15,"minecraft:tropical_fish":1,"ecologics:coconut_log":9,"supplementaries:ash":9,"minecraft:glow_berries":1,"minecraft:mutton":1,"minecraft:skeleton_skull":2,"minecraft:birch_log":3,"minecraft:cobblestone":262,"born_in_chaos_v1:corpse_maggot":1,"minecraft:jungle_log":55,"minecraft:andesite":60,"luminousworld:ishstone":3,"minecraft:leather":4,"minecraft:brown_wool":2,"minecraft:oak_log":95,"supplementaries:flax_seeds":1,"iceandfire:armor_copper_metal_helmet":2,"minecraft:lapis_lazuli":6,"minecraft:dirt":46,"iceandfire:pixie_house_mushroom_red":2,"minecraft:bone":1,"minecraft:wheat_seeds":6,"minecraft:rabbit_hide":3,"minecraft:bamboo":61,"minecraft:oak_planks":27,"minecraft:iron_sword":1,"iceandfire:copper_nugget":6,"minecraft:smooth_basalt":16,"luminousworld:creepberries":7,"iceandfire:pixie_house_birch":1,"minecraft:jungle_planks":1,"born_in_chaos_v1:dark_rod":1,"alexsmobs:animal_dictionary":1,"minecraft:spider_eye":1,"undead_revamp2:rawbostrox":2,"stalwart_dungeons:stone_hammer":1,"iceandfire:silver_sword":4,"vanillaplustools:stone_hammer":1,"minecraft:oak_sapling":6,"minecraft:netherrack":16,"minecraft:coal":100,"iceandfire:raw_silver":3},"minecraft:dropped":{"luminousworld:creepberries":5,"minecraft:torch":32,"minecraft:melon_slice":15,"minecraft:smooth_stone":6,"minecraft:stone_axe":1,"alexsmobs:animal_dictionary":2,"undead_revamp2:bostroxingot":1,"minecraft:oak_sapling":1,"vanillaplustools:stone_hammer":1},"minecraft:broken":{"minecraft:stone_pickaxe":1,"minecraft:stone_axe":1,"iceandfire:armor_copper_metal_boots":1,"iceandfire:armor_copper_metal_helmet":1},"minecraft:mined":{"iceandfire:silver_ore":2,"iceandfire:pixie_house_birch":1,"minecraft:cave_vines_plant":1,"minecraft:grass_block":11,"minecraft:jungle_log":50,"iceandfire:pixie_house_oak":2,"quark:jungle_chest":1,"ecologics:coconut_log":9,"undead_revamp2:bostroxore":2,"minecraft:iron_ore":39,"minecraft:andesite":55,"minecraft:cave_vines":1,"minecraft:deepslate_iron_ore":3,"minecraft:vine":7,"minecraft:bamboo":4,"minecraft:stone":153,"luminousworld:creepbush":7,"minecraft:podzol":7,"minecraft:clay":1,"minecraft:crafting_table":4,"minecraft:torch":4,"minecraft:melon":22,"supplementaries:wild_flax":1,"minecraft:copper_ore":11,"minecraft:cobblestone":3,"minecraft:oak_planks":7,"minecraft:diorite":6,"minecraft:wall_torch":3,"minecraft:skeleton_skull":1,"supplementaries:urn":4,"minecraft:coarse_dirt":1,"ecologics:seashell":1,"minecraft:birch_log":3,"iceandfire:pixie_house_mushroom_red":2,"minecraft:grass":39,"minecraft:oak_log":97,"minecraft:coal_ore":100,"luminousworld:ishstone":1,"minecraft:cocoa":1,"minecraft:dirt":21,"luminousworld:grassvariant_3":1,"minecraft:cobweb":2,"minecraft:small_dripleaf":1,"minecraft:oak_leaves":2,"minecraft:fern":15},"minecraft:crafted":{"minecraft:smooth_stone":6,"minecraft:oak_planks":68,"minecraft:stone_shovel":4,"vanillaplustools:stone_hammer":1,"quark:jungle_chest":5,"minecraft:cooked_mutton":1,"minecraft:stone_pickaxe":11,"minecraft:cooked_beef":3,"sophisticatedbackpacks:backpack":1,"minecraft:cooked_porkchop":3,"minecraft:crafting_table":3,"minecraft:copper_ingot":17,"minecraft:birch_planks":12,"minecraft:stone_axe":2,"minecraft:air":0,"minecraft:jungle_planks":40,"minecraft:stick":92,"quark:oak_chest":2,"minecraft:iron_ingot":27,"minecraft:wooden_axe":1,"minecraft:stone_sword":1,"minecraft:torch":96},"minecraft:killed":{"luminousworld:miner_zombie":1,"minecraft:spider":6,"enemyexpansion:direwolf":2,"born_in_chaos_v1:baby_skeleton_minion":3,"born_in_chaos_v1:maggot":2,"naturalist:coral_snake":1,"minecraft:pig":1,"undead_revamp2:the_moonflower":2,"minecraft:zombie":1,"alexsmobs:terrapin":1,"born_in_chaos_v1:corpse_fly":1,"born_in_chaos_v1:dark_vortex":1,"minecraft:cow":3},"minecraft:used":{"iceandfire:silver_sword":254,"iceandfire:armor_copper_metal_leggings":1,"minecraft:stone_shovel":13,"born_in_chaos_v1:intoxicating_decoction":1,"quark:jungle_chest":6,"minecraft:shield":2,"vanillaplustools:stone_hammer":22,"minecraft:torch":19,"iceandfire:armor_copper_metal_boots":1,"minecraft:dirt":19,"born_in_chaos_v1:corpse_maggot":1,"minecraft:wooden_axe":11,"iceandfire:copper_axe":6,"iceandfire:armor_copper_metal_helmet":1,"minecraft:skeleton_skull":2,"minecraft:egg":1,"minecraft:cooked_mutton":5,"minecraft:bundle":1,"minecraft:stone_pickaxe":196,"minecraft:wooden_pickaxe":10,"luminousworld:ishstone":1,"minecraft:glow_berries":2,"minecraft:crafting_table":7,"luminousworld:creepberries":2,"iceandfire:armor_copper_metal_chestplate":1,"minecraft:melon_slice":112,"minecraft:iron_pickaxe":2,"minecraft:stone_axe":184,"stalwart_dungeons:stone_hammer":5,"ecologics:coconut_slice":6,"minecraft:wooden_sword":6,"minecraft:cobblestone":22,"quark:oak_chest":1,"alexsmobs:animal_dictionary":1},"minecraft:killed_by":{"minecraft:drowned":1,"enemyexpansion:meature":1,"enemyexpansion:huntsman":1,"undead_revamp2:thespitter":1,"alexsmobs:tiger":1,"minecraft:skeleton":1,"iceandfire:lightning_dragon":1},"minecraft:custom":{"minecraft:mob_kills":35,"minecraft:interact_with_crafting_table":17,"minecraft:damage_dealt_resisted":456,"minecraft:leave_game":5,"minecraft:time_since_death":49967,"minecraft:climb_one_cm":20157,"minecraft:sprint_one_cm":734876,"minecraft:walk_one_cm":675642,"minecraft:damage_blocked_by_shield":150,"minecraft:drop":25,"minecraft:play_time":211367,"minecraft:deaths":8,"minecraft:sneak_time":900,"minecraft:walk_under_water_one_cm":36497,"minecraft:jump":2685,"minecraft:walk_on_water_one_cm":128197,"minecraft:total_world_time":211367,"minecraft:interact_with_furnace":60,"minecraft:time_since_rest":47927,"minecraft:damage_taken":5625,"minecraft:damage_dealt":5939,"minecraft:fly_one_cm":337618,"minecraft:swim_one_cm":41206,"minecraft:player_kills":1,"minecraft:open_chest":105,"minecraft:crouch_one_cm":2449,"tombstone:undead_killed":7,"minecraft:fall_one_cm":34437}},"DataVersion":3465}