{"stats":{"minecraft:picked_up":{"minecraft:wooden_sword":1,"minecraft:cocoa_beans":1,"minecraft:crafting_table":1,"minecraft:brown_wool":2,"minecraft:wheat_seeds":1,"minecraft:wooden_pickaxe":1,"minecraft:jungle_planks":1,"minecraft:oak_log":6,"minecraft:melon_slice":17,"minecraft:mutton":1,"alexsmobs:animal_dictionary":1},"minecraft:dropped":{"alexsmobs:animal_dictionary":2},"minecraft:mined":{"minecraft:oak_log":6,"minecraft:cocoa":1,"minecraft:fern":2},"minecraft:crafted":{"minecraft:oak_planks":24,"minecraft:stick":8},"minecraft:killed":{"minecraft:zombie":1,"enemyexpansion:direwolf":1},"minecraft:used":{"minecraft:wooden_sword":6,"minecraft:melon_slice":3,"alexsmobs:animal_dictionary":1,"minecraft:wooden_pickaxe":4},"minecraft:custom":{"minecraft:time_since_rest":15988,"minecraft:crouch_one_cm":161,"minecraft:play_time":15988,"minecraft:sprint_one_cm":10147,"minecraft:damage_taken":110,"tombstone:undead_killed":1,"minecraft:walk_one_cm":44248,"minecraft:sneak_time":74,"minecraft:walk_under_water_one_cm":3294,"minecraft:mob_kills":2,"minecraft:drop":2,"minecraft:damage_dealt_resisted":6,"minecraft:jump":60,"minecraft:damage_dealt":355,"minecraft:time_since_death":15988,"minecraft:walk_on_water_one_cm":5731,"minecraft:climb_one_cm":600,"minecraft:total_world_time":15988,"minecraft:fly_one_cm":1276,"minecraft:interact_with_crafting_table":2,"minecraft:fall_one_cm":685}},"DataVersion":3465}