{"stats":{"minecraft:picked_up":{"minecraft:wheat":7,"iceandfire:copper_sword":2,"supplementaries:bomb_blue":1,"minecraft:smithing_table":1,"iceandfire:armor_copper_metal_chestplate":1,"alexscaves:cave_tablet":4,"minecraft:enchanted_book":1,"minecraft:stone_brick_stairs":1,"minecraft:soul_soil":1,"minecraft:polished_deepslate":1,"born_in_chaos_v1:black_argillite":33,"iceandfire:manuscript":38,"minecraft:iron_leggings":1,"minecraft:string":22,"minecraft:raw_copper":343,"alexsmobs:ancient_dart":2,"minecraft:smooth_stone_slab":2,"minecraft:sticky_piston":29,"minecraft:experience_bottle":3,"minecraft:cobbled_deepslate":2,"minecraft:smooth_stone":6,"minecraft:gold_nugget":5,"alexsmobs:banana":4,"minecraft:bucket":4,"minecraft:black_glazed_terracotta":8,"minecraft:spruce_planks":3,"minecraft:cobblestone_slab":7,"minecraft:calcite":3,"minecraft:coal_block":3,"minecraft:melon_slice":836,"minecraft:iron_boots":1,"ecologics:crab_claw":1,"alexsmobs:leafcutter_ant_chamber":5,"iceandfire:pixie_dust":2,"minecraft:tipped_arrow":15,"minecraft:golden_helmet":1,"minecraft:stick":73,"born_in_chaos_v1:shattered_skull":4,"iceandfire:armor_copper_metal_leggings":3,"minecraft:oak_fence":1,"minecraft:torch":57,"supplementaries:bamboo_spikes_tipped":1,"minecraft:porkchop":75,"minecraft:target":2,"aether:golden_gloves":1,"iceandfire:crackled_gravel":1,"tombstone:grave_dust":29,"minecraft:diorite":232,"born_in_chaos_v1:nightmare_claw":4,"minecraft:brown_carpet":10,"minecraft:light_gray_bed":4,"minecraft:rotten_flesh":74,"supplementaries:antique_ink":2,"minecraft:carved_pumpkin":2,"minecraft:cyan_terracotta":9,"ecologics:walnut_leaves":27,"supplementaries:ash":15,"endrem:rogue_eye":4,"minecraft:iron_bars":1,"minecraft:cobblestone":3005,"minecraft:magma_block":2,"minecraft:feather":19,"minecraft:oxidized_copper":2,"minecraft:andesite":133,"minecraft:water_bucket":2,"minecraft:jungle_log":211,"minecraft:brown_wool":1,"minecraft:golden_leggings":1,"minecraft:flint":5,"undead_revamp2:huntereye":1,"minecraft:wither_skeleton_skull":2,"minecraft:lapis_lazuli":1,"minecraft:cut_sandstone_slab":20,"minecraft:dirt":591,"born_in_chaos_v1:monster_skin":11,"minecraft:bone":178,"minecraft:acacia_planks":5,"minecraft:bow":1,"minecraft:wheat_seeds":51,"minecraft:raw_gold":1,"minecraft:mossy_stone_bricks":1,"minecraft:bamboo":924,"minecraft:moss_block":9,"minecraft:mossy_stone_brick_stairs":2,"minecraft:lime_glazed_terracotta":8,"minecraft:cooked_porkchop":3,"luminousworld:creepberries":24,"minecraft:stripped_acacia_wood":24,"iceandfire:pixie_house_birch":1,"minecraft:sand":9,"minecraft:jungle_planks":16,"minecraft:acacia_stairs":1,"minecraft:trapped_chest":2,"minecraft:mossy_cobblestone":11,"minecraft:dark_prismarine":22,"minecraft:bundle":10,"minecraft:soul_lantern":1,"stalwart_dungeons:stone_hammer":1,"iceandfire:lectern":2,"minecraft:light_gray_carpet":2,"minecraft:crossbow":1,"minecraft:granite":66,"undead_revamp2:bostroxingot":9,"minecraft:emerald":58,"minecraft:bread":5,"minecraft:oak_sapling":8,"minecraft:netherrack":28,"iceandfire:raw_silver":17,"iceandfire:dragon_skull_lightning":1,"minecraft:cocoa_beans":3,"luminousworld:groundpebbles_1":4,"minecraft:coarse_dirt":15,"minecraft:crafting_table":5,"minecraft:azure_bluet":1,"iceandfire:witherbone":17,"minecraft:chicken":6,"minecraft:clay_ball":220,"born_in_chaos_v1:seedof_chaos":1,"minecraft:stone_brick_wall":1,"minecraft:chain":8,"minecraft:moss_carpet":8,"born_in_chaos_v1:intoxicating_decoction":2,"minecraft:item_frame":16,"ecologics:walnut_sapling":1,"supplementaries:bomb":4,"iceandfire:bestiary":3,"minecraft:beef":1,"minecraft:player_head":2,"born_in_chaos_v1:gnawed_bones":4,"minecraft:jungle_sapling":9,"minecraft:sugar_cane":73,"iceandfire:podium_acacia":3,"minecraft:phantom_membrane":1,"minecraft:egg":6,"minecraft:raw_iron":24,"iceandfire:dragonbone":9,"ecologics:coconut_slice":15,"minecraft:copper_ingot":59,"quark:jungle_chest":3,"iceandfire:armor_copper_metal_boots":1,"born_in_chaos_v1:pieceofdarkmetal":28,"minecraft:carrot":1,"alexsmobs:leafcutter_ant_pupa":4,"minecraft:stone_pressure_plate":4,"minecraft:dark_oak_planks":4,"minecraft:arrow":45,"quark:acacia_chest":1,"minecraft:hay_block":62,"minecraft:stripped_dark_oak_wood":2,"tombstone:essence_of_undeath":1,"minecraft:yellow_terracotta":3,"minecraft:saddle":1,"minecraft:gold_ingot":52,"sophisticatedbackpacks:copper_backpack":2,"minecraft:glow_berries":1,"minecraft:mutton":13,"minecraft:white_wool":9,"born_in_chaos_v1:fused_bone":11,"minecraft:netherite_boots":1,"born_in_chaos_v1:corpse_maggot":17,"born_in_chaos_v1:monster_flesh":7,"luminousworld:ishstone":29,"minecraft:leather":8,"minecraft:birch_planks":17,"quark:smithing_template_rune":2,"minecraft:oak_log":19,"minecraft:chainmail_chestplate":1,"minecraft:yellow_glazed_terracotta":8,"minecraft:golden_boots":1,"minecraft:yellow_bed":3,"minecraft:cobblestone_wall":1,"minecraft:gunpowder":4,"iceandfire:pixie_house_mushroom_red":1,"minecraft:cooked_mutton":1,"iceandfire:pixie_jar_empty":3,"mowziesmobs:foliaath_seed":2,"minecraft:light_gray_glazed_terracotta":8,"minecraft:wild_armor_trim_smithing_template":4,"minecraft:iron_ingot":20,"luminousworld:white_petunias":1,"minecraft:iron_sword":8,"minecraft:acacia_sapling":2,"minecraft:book":31,"minecraft:scaffolding":6,"enemyexpansion:phantom_eye":1,"minecraft:smooth_basalt":14,"friendsandfoes:oxidized_lightning_rod":2,"born_in_chaos_v1:ethereal_spirit":5,"minecraft:gravel":40,"minecraft:birch_stairs":2,"minecraft:amethyst_shard":9,"minecraft:blast_furnace":3,"quark:oak_chest":1,"undead_revamp2:rawbostrox":8,"tombstone:scroll_of_true_sight":3,"minecraft:stone_axe":1,"minecraft:slime_ball":37,"minecraft:purple_glazed_terracotta":352,"minecraft:scute":1,"iceandfire:silver_sword":1,"minecraft:chainmail_leggings":1,"vanillaplustools:stone_hammer":1,"minecraft:mossy_cobblestone_stairs":1,"minecraft:gray_wool":1,"minecraft:acacia_slab":1,"tombstone:magic_scroll":5,"minecraft:melon_seeds":3,"minecraft:damaged_anvil":2,"minecraft:black_wool":1,"minecraft:coal":275},"minecraft:dropped":{"minecraft:acacia_wood":1,"minecraft:clay":2,"minecraft:iron_sword":2,"minecraft:porkchop":4,"minecraft:birch_planks":2,"ecologics:coconut_slice":8,"minecraft:glow_berries":1,"minecraft:jungle_planks":1,"born_in_chaos_v1:pieceofdarkmetal":8,"born_in_chaos_v1:nightmare_claw":2,"minecraft:flint":1,"minecraft:emerald":19,"born_in_chaos_v1:monster_flesh":2,"minecraft:dirt":42,"born_in_chaos_v1:monster_skin":3,"tombstone:scroll_of_true_sight":1,"iceandfire:armor_copper_metal_boots":4,"minecraft:jungle_sapling":2,"minecraft:chain":4,"minecraft:wooden_sword":1,"minecraft:amethyst_shard":6,"minecraft:sand":3,"minecraft:iron_pickaxe":1,"minecraft:dark_oak_planks":5,"minecraft:white_wool":2,"minecraft:birch_stairs":2,"minecraft:bone":40,"minecraft:stone_axe":1,"alexscaves:cave_tablet":2,"aether:golden_gloves":1,"endrem:rogue_eye":2,"born_in_chaos_v1:ethereal_spirit":1,"minecraft:rotten_flesh":15,"minecraft:oak_planks":20,"minecraft:light_gray_carpet":2,"iceandfire:crackled_gravel":1,"supplementaries:ash":4,"minecraft:tipped_arrow":6,"minecraft:melon_seeds":3,"born_in_chaos_v1:corpse_maggot":4,"vanillaplustools:stone_hammer":1,"ecologics:coconut_husk":5,"iceandfire:bestiary":1,"minecraft:iron_bars":1,"quark:smithing_template_rune":1,"minecraft:arrow":21,"iceandfire:armor_copper_metal_leggings":3,"minecraft:netherrack":28,"minecraft:egg":2,"minecraft:iron_ingot":1,"born_in_chaos_v1:intoxicating_decoction":1,"born_in_chaos_v1:shattered_skull":1,"minecraft:wheat_seeds":22,"luminousworld:ishstone":1,"iceandfire:armor_copper_metal_chestplate":2,"minecraft:feather":5,"minecraft:cobblestone":310,"luminousworld:creepberries":17,"minecraft:granite":9,"minecraft:copper_ingot":30,"minecraft:stick":62,"born_in_chaos_v1:gnawed_bones":1,"born_in_chaos_v1:black_argillite":19,"minecraft:diorite":4,"tombstone:magic_scroll":3,"alexsmobs:leafcutter_ant_chamber":1,"iceandfire:silver_sword":3,"minecraft:melon_slice":52,"minecraft:brown_wool":1,"born_in_chaos_v1:fused_bone":4,"tombstone:grave_dust":12,"minecraft:string":3,"stalwart_dungeons:stone_hammer":1,"minecraft:smooth_basalt":14,"minecraft:moss_carpet":2,"minecraft:raw_copper":102,"minecraft:wild_armor_trim_smithing_template":2,"minecraft:cocoa_beans":3,"minecraft:sticky_piston":7,"supplementaries:bomb":2,"minecraft:wither_skeleton_skull":1,"iceandfire:armor_copper_metal_helmet":3,"minecraft:stripped_acacia_wood":1,"undead_revamp2:bostroxingot":9,"minecraft:cobblestone_slab":2,"minecraft:shield":1,"iceandfire:copper_sword":1,"ecologics:walnut_leaves":27,"minecraft:spruce_planks":2,"minecraft:bundle":3,"luminousworld:groundpebbles_1":1,"minecraft:andesite":6,"minecraft:stone_pressure_plate":4,"minecraft:brown_carpet":10,"minecraft:bamboo":24,"minecraft:slime_ball":8,"minecraft:dark_prismarine":1,"minecraft:wooden_pickaxe":2,"minecraft:calcite":1,"minecraft:magma_block":1},"minecraft:broken":{"aether:golden_gloves":2,"stalwart_dungeons:stone_hammer":1,"minecraft:iron_leggings":2,"iceandfire:silver_sword":1,"minecraft:stone_pickaxe":1,"minecraft:stone_axe":4,"minecraft:iron_sword":1,"iceandfire:armor_copper_metal_helmet":2,"minecraft:chainmail_leggings":1,"ecologics:crab_claw":1,"minecraft:shield":1,"vanillaplustools:stone_hammer":4,"vanillaplustools:stone_shovel":1,"iceandfire:armor_copper_metal_chestplate":2,"iceandfire:armor_copper_metal_boots":1},"minecraft:mined":{"minecraft:dark_oak_planks":11,"minecraft:spruce_planks":7,"minecraft:cut_sandstone_slab":26,"minecraft:stone_pressure_plate":5,"luminousworld:autumnleaves":1,"alexsmobs:leafcutter_anthill":3,"minecraft:jungle_leaves":111,"minecraft:orange_stained_glass":1,"minecraft:carved_pumpkin":2,"minecraft:granite":84,"minecraft:budding_amethyst":3,"minecraft:stone_brick_wall":1,"minecraft:grass_block":217,"minecraft:infested_cobblestone":24,"friendsandfoes:oxidized_lightning_rod":2,"minecraft:light_gray_bed":4,"minecraft:jungle_log":210,"iceandfire:lectern":1,"minecraft:coal_block":3,"minecraft:spawner":9,"minecraft:chiseled_stone_bricks":1,"minecraft:tall_seagrass":10,"minecraft:magma_block":9,"minecraft:mossy_cobblestone_stairs":1,"undead_revamp2:bostroxore":8,"minecraft:iron_ore":21,"minecraft:sticky_piston":5,"minecraft:fire":20,"minecraft:target":2,"minecraft:stripped_dark_oak_wood":2,"placeablesmod:empty_bucket_block":3,"minecraft:iron_bars":1,"sophisticatedbackpacks:copper_backpack":1,"minecraft:tripwire":7,"luminousworld:creepbush":25,"minecraft:piston_head":7,"minecraft:cyan_terracotta":13,"minecraft:soul_lantern":1,"minecraft:clay":55,"iceandfire:podium_acacia":2,"minecraft:torch":7,"minecraft:blast_furnace":3,"minecraft:calcite":18,"minecraft:melon":157,"minecraft:oxidized_copper":2,"minecraft:cobblestone":154,"minecraft:sugar_cane":26,"minecraft:damaged_anvil":2,"minecraft:wall_torch":8,"minecraft:amethyst_block":18,"minecraft:seagrass":1,"minecraft:light_gray_glazed_terracotta":8,"minecraft:wheat":1,"minecraft:yellow_glazed_terracotta":8,"minecraft:smooth_stone_slab":1,"minecraft:stone_brick_stairs":1,"minecraft:grass":152,"minecraft:infested_mossy_stone_bricks":1,"minecraft:oak_log":16,"minecraft:sand":9,"minecraft:dirt":243,"luminousworld:grassvariant_3":1,"minecraft:smooth_basalt":30,"minecraft:dark_prismarine":22,"minecraft:dispenser":1,"minecraft:netherrack":59,"minecraft:deepslate":30,"minecraft:oak_leaves":41,"minecraft:yellow_terracotta":7,"minecraft:purple_glazed_terracotta":352,"luminousworld:groundpebbles_1":3,"iceandfire:silver_ore":18,"minecraft:mossy_cobblestone":14,"luminousworld:grassvariant_4":3,"iceandfire:pixie_house_birch":1,"minecraft:jungle_planks":3,"born_in_chaos_v1:black_argillite":33,"minecraft:soul_campfire":1,"alexsmobs:leafcutter_ant_chamber":10,"luminousworld:grassvariant_2":1,"luminousworld:whiteoakleaves":1,"quark:jungle_chest":3,"minecraft:acacia_slab":1,"quark:acacia_chest":1,"minecraft:moss_block":13,"minecraft:hay_block":62,"minecraft:black_glazed_terracotta":8,"minecraft:acacia_wood":1,"minecraft:acacia_stairs":1,"minecraft:andesite":88,"minecraft:polished_deepslate":1,"minecraft:mossy_stone_brick_stairs":2,"minecraft:bookshelf":10,"minecraft:shroomlight":3,"minecraft:deepslate_iron_ore":1,"minecraft:cobblestone_slab":8,"minecraft:vine":34,"minecraft:bamboo":64,"minecraft:stone":2894,"minecraft:redstone_wall_torch":1,"iceandfire:pixie_jar_empty":3,"minecraft:podzol":92,"minecraft:smithing_table":1,"minecraft:birch_stairs":3,"minecraft:hanging_roots":2,"quark:oak_chest":1,"minecraft:oak_fence":1,"minecraft:crafting_table":5,"iceandfire:pixie_house_mushroom_brown":1,"ecologics:walnut_leaves":50,"minecraft:copper_ore":56,"minecraft:tall_grass":1,"minecraft:lapis_ore":1,"minecraft:diorite":226,"supplementaries:urn":4,"minecraft:birch_planks":26,"minecraft:coarse_dirt":26,"minecraft:trapped_chest":2,"minecraft:cobblestone_wall":1,"minecraft:lime_glazed_terracotta":8,"minecraft:birch_leaves":2,"iceandfire:pixie_house_mushroom_red":1,"minecraft:yellow_bed":3,"minecraft:coal_ore":174,"luminousworld:ishstone":32,"minecraft:gravel":44,"minecraft:cobweb":4,"minecraft:acacia_planks":7,"minecraft:stripped_acacia_wood":29,"minecraft:gold_ore":1,"minecraft:mossy_stone_bricks":1,"minecraft:fern":47},"minecraft:crafted":{"minecraft:smooth_stone":3,"minecraft:oak_planks":124,"minecraft:cobblestone_slab":6,"minecraft:stone":64,"minecraft:cobblestone_stairs":4,"minecraft:cooked_mutton":6,"iceandfire:armor_copper_metal_boots":4,"undead_revamp2:bostroxset_chestplate":1,"iceandfire:copper_axe":2,"iceandfire:armor_copper_metal_chestplate":5,"vanillaplustools:stone_shovel":1,"minecraft:oak_fence":6,"minecraft:crafting_table":5,"minecraft:acacia_slab":24,"minecraft:wooden_pickaxe":3,"minecraft:copper_ingot":148,"minecraft:iron_horse_armor":1,"minecraft:shield":2,"minecraft:stick":543,"minecraft:iron_pickaxe":2,"iceandfire:silver_sword":3,"minecraft:wooden_sword":2,"minecraft:stone_shovel":9,"vanillaplustools:stone_hammer":5,"quark:jungle_chest":21,"minecraft:furnace":8,"iceandfire:armor_copper_metal_leggings":3,"iceandfire:armor_copper_metal_helmet":5,"minecraft:stone_pickaxe":50,"iceandfire:silver_ingot":6,"minecraft:iron_sword":3,"born_in_chaos_v1:bone_heart":1,"minecraft:stone_axe":6,"minecraft:air":0,"minecraft:jungle_planks":240,"minecraft:oak_fence_gate":2,"minecraft:white_wool":1,"minecraft:wooden_axe":1,"minecraft:white_bed":1,"minecraft:acacia_planks":64,"stalwart_dungeons:stone_hammer":2,"undead_revamp2:bostroxingot":8,"minecraft:torch":108,"minecraft:clay":2},"minecraft:killed":{"luminousworld:miner_zombie":1,"born_in_chaos_v1:zombie_clown":1,"earthmobsmod:jumbo_rabbit":1,"born_in_chaos_v1:restless_spirit":1,"enemyexpansion:equestrian":1,"minecraft:spider":5,"born_in_chaos_v1:siamese_skeletonsright":1,"creeperoverhaul:bamboo_creeper":1,"born_in_chaos_v1:baby_skeleton_minion":2,"minecraft:skeleton":7,"alexsmobs:leafcutter_ant":3,"minecraft:chicken":4,"alexsmobs:capuchin_monkey":4,"minecraft:silverfish":10,"born_in_chaos_v1:skeleton_thrasher":2,"ecologics:coconut_crab":1,"undead_revamp2:therod":1,"undead_revamp2:thepregnant":1,"born_in_chaos_v1:bonescaller":1,"minecraft:pig":10,"born_in_chaos_v1:diamond_termite":1,"naturalist:snake":1,"luminousworld:crab":1,"minecraft:sheep":8,"undead_revamp2:thebidyupside":1,"enemyexpansion:meature":1,"minecraft:zombie":15,"born_in_chaos_v1:dread_hound":3,"alexsmobs:terrapin":1,"born_in_chaos_v1:corpse_fly":7,"enemyexpansion:botfly":6,"iceandfire:pixie":1,"born_in_chaos_v1:door_knight":1,"born_in_chaos_v1:siamese_skeletonsleft":1,"minecraft:cow":1,"undead_revamp2:theimmortal":4,"alexsmobs:tiger":2,"luminousworld:sunken_skeleton":3,"undead_revamp2:bomber":1,"minecraft:slime":8,"enemyexpansion:direwolf":4,"born_in_chaos_v1:zombie_bruiser":4,"born_in_chaos_v1:maggot":15,"minecraft:phantom":3,"undead_revamp2:thebidy":3,"undead_revamp2:thehorrors":1,"undead_revamp2:sucker":1,"minecraft:husk":1,"undead_revamp2:the_moonflower":3,"minecraft:hoglin":28,"born_in_chaos_v1:decrepit_skeleton":8,"iceandfire:ghost":1,"born_in_chaos_v1:nightmare_stalker":1,"minecraft:wither_skeleton":28,"enemyexpansion:slugger":1},"minecraft:used":{"iceandfire:lectern":2,"sophisticatedbackpacks:copper_backpack":1,"minecraft:shield":39,"minecraft:stone":21,"minecraft:iron_sword":921,"minecraft:jungle_planks":27,"minecraft:cyan_terracotta":10,"minecraft:lava_bucket":34,"minecraft:magma_block":1,"minecraft:scaffolding":6,"minecraft:furnace":8,"minecraft:diorite":6,"minecraft:damaged_anvil":1,"iceandfire:podium_acacia":3,"minecraft:stone_pickaxe":349,"minecraft:oak_planks":7,"minecraft:wooden_pickaxe":16,"minecraft:yellow_terracotta":3,"minecraft:cut_sandstone_slab":20,"minecraft:stone_brick_wall":1,"luminousworld:creepberries":3,"iceandfire:armor_copper_metal_chestplate":2,"minecraft:melon_slice":585,"ecologics:coconut_slice":5,"minecraft:wooden_sword":18,"minecraft:andesite":25,"minecraft:stripped_acacia_wood":3,"minecraft:smooth_stone_slab":2,"minecraft:coarse_dirt":13,"minecraft:oak_fence":7,"ecologics:crab_claw":50,"iceandfire:silver_sword":474,"iceandfire:armor_copper_metal_leggings":1,"born_in_chaos_v1:ethereal_spirit":1,"minecraft:carved_pumpkin":2,"minecraft:spruce_planks":3,"quark:jungle_chest":24,"vanillaplustools:stone_hammer":535,"minecraft:torch":165,"iceandfire:armor_copper_metal_boots":1,"minecraft:dirt":500,"minecraft:chainmail_chestplate":1,"minecraft:cobblestone_wall":1,"minecraft:granite":13,"minecraft:oak_fence_gate":2,"minecraft:dark_oak_planks":4,"minecraft:wooden_axe":21,"minecraft:acacia_slab":21,"iceandfire:copper_axe":11,"minecraft:iron_boots":1,"undead_revamp2:huntereye":1,"minecraft:bamboo":1,"minecraft:oxidized_copper":2,"minecraft:trapped_chest":1,"tombstone:gift":7,"alexsmobs:banana":4,"minecraft:acacia_planks":53,"minecraft:light_gray_bed":4,"minecraft:iron_leggings":1,"minecraft:wheat_seeds":7,"minecraft:cooked_mutton":1,"minecraft:water_bucket":23,"minecraft:cobblestone_stairs":3,"minecraft:birch_planks":13,"minecraft:bundle":6,"ecologics:walnut_sapling":1,"luminousworld:ishstone":2,"minecraft:cobblestone_slab":11,"luminousworld:white_petunias":1,"minecraft:crafting_table":8,"friendsandfoes:oxidized_lightning_rod":2,"quark:acacia_chest":1,"vanillaplustools:stone_shovel":136,"minecraft:white_bed":1,"alexsmobs:leafcutter_ant_pupa":4,"minecraft:dark_prismarine":14,"minecraft:iron_pickaxe":208,"minecraft:stone_axe":611,"stalwart_dungeons:stone_hammer":132,"minecraft:cooked_porkchop":1,"minecraft:porkchop":10,"minecraft:cobblestone":370,"minecraft:bucket":56,"minecraft:yellow_bed":3,"alexsmobs:animal_dictionary":3,"minecraft:chainmail_leggings":1},"minecraft:killed_by":{"minecraft:wither_skeleton":15,"alexsmobs:leafcutter_ant":1,"enemyexpansion:slugger":2,"enemyexpansion:huntsman":1,"creeperoverhaul:jungle_creeper":1,"undead_revamp2:thepregnant":1,"minecraft:husk":1,"minecraft:player":2,"undead_revamp2:thespitter":1,"alexsmobs:tiger":2,"undead_revamp2:therod":1,"minecraft:hoglin":6,"minecraft:skeleton":3,"enemyexpansion:direwolf":1,"illagerinvasion:marauder":1,"mowziesmobs:foliaath":4,"born_in_chaos_v1:door_knight":3},"minecraft:custom":{"minecraft:interact_with_crafting_table":69,"minecraft:open_barrel":6,"minecraft:leave_game":13,"minecraft:time_since_death":3324,"minecraft:sprint_one_cm":1391621,"minecraft:damage_blocked_by_shield":2540,"minecraft:drop":320,"minecraft:talked_to_villager":9,"minecraft:play_time":599409,"minecraft:deaths":49,"minecraft:jump":8754,"minecraft:walk_on_water_one_cm":145579,"minecraft:interact_with_furnace":94,"minecraft:sleep_in_bed":15,"tombstone:sneak_grave":5,"minecraft:damage_dealt":64176,"minecraft:player_kills":2,"minecraft:crouch_one_cm":135709,"tombstone:undead_killed":95,"minecraft:interact_with_smoker":2,"minecraft:interact_with_smithing_table":1,"minecraft:inspect_dispenser":11,"minecraft:horse_one_cm":268358,"minecraft:inspect_dropper":7,"minecraft:mob_kills":242,"minecraft:inspect_hopper":1,"minecraft:damage_dealt_resisted":13336,"minecraft:climb_one_cm":71148,"minecraft:walk_one_cm":1387197,"minecraft:damage_dealt_absorbed":68,"minecraft:sneak_time":56145,"minecraft:walk_under_water_one_cm":226771,"minecraft:total_world_time":599409,"tombstone:raider_killed":3,"minecraft:interact_with_stonecutter":1,"minecraft:time_since_rest":0,"minecraft:damage_taken":29323,"minecraft:trigger_trapped_chest":2,"minecraft:swim_one_cm":272273,"minecraft:fly_one_cm":1534923,"minecraft:open_chest":519,"minecraft:fall_one_cm":172142}},"DataVersion":3465}