{"stats":{"minecraft:picked_up":{"minecraft:cocoa_beans":3,"minecraft:feather":1,"minecraft:chicken":1,"minecraft:jungle_log":6,"minecraft:brown_wool":1,"minecraft:oak_log":12,"minecraft:dirt":1,"minecraft:string":2,"minecraft:raw_copper":123,"minecraft:wheat_seeds":4,"minecraft:smooth_stone":6,"minecraft:jungle_sapling":1,"minecraft:bamboo":15,"minecraft:melon_slice":98,"minecraft:raw_iron":4,"iceandfire:armor_copper_metal_leggings":1,"minecraft:torch":32,"tombstone:grave_dust":2,"iceandfire:armor_copper_metal_boots":1,"minecraft:rotten_flesh":1,"minecraft:mutton":6,"minecraft:coal":70,"minecraft:white_wool":2,"iceandfire:raw_silver":7,"minecraft:cobblestone":990},"minecraft:dropped":{"minecraft:wheat_seeds":3,"minecraft:cocoa_beans":3,"iceandfire:armor_copper_metal_chestplate":1,"minecraft:cobblestone":64,"minecraft:oak_planks":20,"minecraft:jungle_planks":1,"iceandfire:armor_copper_metal_helmet":1,"minecraft:stick":12,"iceandfire:silver_sword":1,"minecraft:melon_slice":17,"minecraft:brown_wool":1,"iceandfire:armor_copper_metal_boots":2,"minecraft:bamboo":9,"minecraft:jungle_sapling":1,"minecraft:wooden_sword":1,"minecraft:wooden_pickaxe":1,"iceandfire:armor_copper_metal_leggings":2,"stalwart_dungeons:stone_hammer":1},"minecraft:mined":{"iceandfire:silver_ore":8,"minecraft:crafting_table":1,"minecraft:melon":18,"minecraft:jungle_log":6,"minecraft:copper_ore":33,"minecraft:cobblestone":1,"minecraft:lapis_ore":1,"minecraft:iron_ore":4,"minecraft:grass":9,"minecraft:oak_log":12,"minecraft:coal_ore":70,"minecraft:vine":1,"minecraft:dirt":1,"minecraft:bamboo":4,"minecraft:stone":1001,"minecraft:oak_leaves":2,"minecraft:fern":7},"minecraft:crafted":{"minecraft:wooden_sword":2,"minecraft:smooth_stone":3,"minecraft:oak_planks":48,"vanillaplustools:stone_hammer":1,"iceandfire:silver_ingot":6,"minecraft:crafting_table":2,"minecraft:wooden_pickaxe":2,"minecraft:furnace":8,"iceandfire:armor_copper_metal_leggings":2,"minecraft:copper_ingot":71,"minecraft:stone":9,"iceandfire:armor_copper_metal_boots":2,"iceandfire:armor_copper_metal_helmet":2,"minecraft:air":0,"minecraft:jungle_planks":20,"iceandfire:copper_axe":2,"minecraft:stick":53,"iceandfire:armor_copper_metal_chestplate":2,"minecraft:stone_pickaxe":10,"minecraft:wooden_axe":1,"stalwart_dungeons:stone_hammer":2,"iceandfire:silver_sword":2},"minecraft:killed":{"minecraft:spider":2,"minecraft:sheep":4,"minecraft:chicken":1,"undead_revamp2:thehorrors":1,"undead_revamp2:sucker":1},"minecraft:used":{"iceandfire:armor_copper_metal_leggings":1,"minecraft:stone_pickaxe":46,"minecraft:wooden_pickaxe":15,"vanillaplustools:stone_hammer":124,"minecraft:torch":7,"iceandfire:armor_copper_metal_boots":1,"minecraft:crafting_table":2,"minecraft:wooden_axe":21,"iceandfire:armor_copper_metal_chestplate":1,"minecraft:melon_slice":24,"iceandfire:copper_axe":3,"stalwart_dungeons:stone_hammer":7,"minecraft:bamboo":1,"minecraft:wooden_sword":18,"minecraft:cobblestone":16,"minecraft:furnace":8,"alexsmobs:animal_dictionary":1},"minecraft:killed_by":{"mowziesmobs:foliaath":1},"minecraft:custom":{"minecraft:interact_with_furnace":44,"minecraft:mob_kills":9,"minecraft:interact_with_crafting_table":26,"minecraft:damage_dealt_resisted":24,"minecraft:leave_game":1,"minecraft:time_since_death":5615,"minecraft:climb_one_cm":2810,"minecraft:time_since_rest":4064,"minecraft:sprint_one_cm":48570,"minecraft:damage_taken":632,"minecraft:walk_one_cm":103815,"minecraft:drop":32,"minecraft:damage_dealt":949,"minecraft:swim_one_cm":5908,"minecraft:fly_one_cm":50502,"minecraft:open_chest":13,"minecraft:crouch_one_cm":74,"minecraft:play_time":40190,"tombstone:undead_killed":2,"minecraft:deaths":1,"minecraft:sneak_time":104,"minecraft:walk_under_water_one_cm":328,"minecraft:jump":347,"minecraft:walk_on_water_one_cm":3347,"minecraft:total_world_time":40190,"minecraft:fall_one_cm":5047}},"DataVersion":3465}