{"stats":{"minecraft:picked_up":{"minecraft:cocoa_beans":3,"minecraft:feather":1,"minecraft:chicken":1,"minecraft:jungle_log":5,"minecraft:brown_wool":1,"minecraft:oak_log":12,"tombstone:grave_dust":2,"minecraft:string":2,"minecraft:rotten_flesh":1,"minecraft:wheat_seeds":4,"minecraft:jungle_sapling":1,"minecraft:bamboo":12,"minecraft:melon_slice":91,"minecraft:mutton":6,"minecraft:white_wool":2,"minecraft:cobblestone":15},"minecraft:dropped":{"minecraft:wheat_seeds":3,"minecraft:melon_slice":17,"minecraft:brown_wool":1,"minecraft:wooden_sword":1,"minecraft:bamboo":9,"minecraft:jungle_planks":1,"minecraft:wooden_pickaxe":1},"minecraft:mined":{"minecraft:crafting_table":1,"minecraft:grass":8,"minecraft:oak_log":12,"minecraft:melon":17,"minecraft:vine":1,"minecraft:jungle_log":5,"minecraft:bamboo":4,"minecraft:stone":15,"minecraft:oak_leaves":2,"minecraft:fern":6},"minecraft:crafted":{"minecraft:wooden_sword":2,"minecraft:oak_planks":8,"minecraft:crafting_table":2,"minecraft:stick":12,"minecraft:wooden_pickaxe":2,"minecraft:wooden_axe":1,"minecraft:jungle_planks":20},"minecraft:killed":{"minecraft:sheep":4,"minecraft:chicken":1,"minecraft:spider":2,"undead_revamp2:sucker":1},"minecraft:used":{"minecraft:wooden_axe":21,"minecraft:melon_slice":15,"minecraft:wooden_pickaxe":15,"minecraft:bamboo":1,"minecraft:wooden_sword":18,"minecraft:crafting_table":1,"alexsmobs:animal_dictionary":1},"minecraft:custom":{"minecraft:time_since_rest":16190,"minecraft:sprint_one_cm":18971,"minecraft:damage_taken":420,"minecraft:walk_one_cm":48615,"minecraft:mob_kills":8,"minecraft:drop":18,"minecraft:damage_dealt":860,"minecraft:swim_one_cm":5908,"minecraft:interact_with_crafting_table":2,"minecraft:fly_one_cm":17711,"tombstone:undead_killed":1,"minecraft:crouch_one_cm":74,"minecraft:play_time":16190,"minecraft:sneak_time":104,"minecraft:walk_under_water_one_cm":328,"minecraft:jump":158,"minecraft:damage_dealt_resisted":24,"minecraft:leave_game":1,"minecraft:time_since_death":16190,"minecraft:walk_on_water_one_cm":939,"minecraft:total_world_time":16190,"minecraft:climb_one_cm":2026,"minecraft:fall_one_cm":3280}},"DataVersion":3465}