{"stats":{"minecraft:picked_up":{"minecraft:cocoa_beans":3,"minecraft:coarse_dirt":2,"minecraft:chicken":2,"minecraft:string":8,"minecraft:raw_copper":127,"born_in_chaos_v1:intoxicating_decoction":1,"minecraft:smooth_stone":6,"minecraft:beef":1,"minecraft:jungle_sapling":1,"minecraft:melon_slice":342,"minecraft:sugar_cane":2,"alexsmobs:leafcutter_ant_chamber":4,"minecraft:stick":50,"minecraft:raw_iron":4,"born_in_chaos_v1:shattered_skull":1,"iceandfire:armor_copper_metal_leggings":1,"minecraft:copper_ingot":2,"minecraft:torch":32,"tombstone:grave_dust":2,"iceandfire:armor_copper_metal_boots":1,"born_in_chaos_v1:pieceofdarkmetal":3,"alexsmobs:leafcutter_ant_pupa":1,"minecraft:rotten_flesh":16,"minecraft:mutton":6,"minecraft:white_wool":2,"minecraft:cobblestone":1036,"born_in_chaos_v1:corpse_maggot":5,"minecraft:feather":5,"minecraft:jungle_log":9,"minecraft:brown_wool":1,"minecraft:leather":1,"minecraft:oak_log":17,"minecraft:golden_boots":1,"minecraft:gunpowder":2,"minecraft:dirt":58,"minecraft:bone":13,"minecraft:wheat_seeds":10,"minecraft:bamboo":231,"luminousworld:creepberries":3,"born_in_chaos_v1:ethereal_spirit":1,"stalwart_dungeons:stone_hammer":1,"iceandfire:silver_sword":1,"minecraft:chainmail_leggings":1,"minecraft:oak_sapling":2,"minecraft:coal":85,"iceandfire:raw_silver":8},"minecraft:dropped":{"born_in_chaos_v1:intoxicating_decoction":1,"minecraft:wheat_seeds":4,"iceandfire:armor_copper_metal_chestplate":2,"minecraft:feather":1,"minecraft:cobblestone":64,"minecraft:jungle_planks":1,"minecraft:stick":62,"minecraft:dirt":32,"iceandfire:silver_sword":3,"minecraft:melon_slice":40,"minecraft:brown_wool":1,"iceandfire:armor_copper_metal_boots":3,"minecraft:jungle_sapling":1,"minecraft:wooden_sword":1,"stalwart_dungeons:stone_hammer":1,"minecraft:cocoa_beans":3,"minecraft:rotten_flesh":1,"minecraft:oak_planks":20,"iceandfire:armor_copper_metal_helmet":2,"minecraft:shield":1,"minecraft:bamboo":16,"minecraft:wooden_pickaxe":1,"iceandfire:armor_copper_metal_leggings":3},"minecraft:broken":{"vanillaplustools:stone_hammer":1,"iceandfire:armor_copper_metal_boots":1,"iceandfire:armor_copper_metal_helmet":1},"minecraft:mined":{"iceandfire:silver_ore":9,"alexsmobs:leafcutter_anthill":1,"minecraft:jungle_leaves":3,"minecraft:grass_block":4,"minecraft:jungle_log":8,"alexsmobs:leafcutter_ant_chamber":5,"minecraft:iron_ore":4,"minecraft:fire":3,"minecraft:vine":10,"minecraft:bamboo":15,"minecraft:stone":1054,"luminousworld:creepbush":3,"minecraft:podzol":1,"minecraft:crafting_table":1,"minecraft:melon":66,"minecraft:copper_ore":35,"minecraft:cobblestone":7,"minecraft:lapis_ore":1,"minecraft:sugar_cane":1,"minecraft:coarse_dirt":1,"minecraft:grass":79,"minecraft:oak_log":16,"minecraft:coal_ore":85,"minecraft:dirt":5,"minecraft:cobweb":4,"minecraft:oak_leaves":6,"minecraft:fern":29},"minecraft:crafted":{"minecraft:wooden_sword":2,"minecraft:smooth_stone":3,"minecraft:oak_planks":68,"vanillaplustools:stone_hammer":2,"minecraft:furnace":8,"iceandfire:armor_copper_metal_leggings":3,"minecraft:stone":9,"minecraft:cooked_mutton":4,"iceandfire:armor_copper_metal_boots":3,"iceandfire:armor_copper_metal_helmet":3,"iceandfire:copper_axe":2,"minecraft:stone_pickaxe":19,"iceandfire:armor_copper_metal_chestplate":3,"iceandfire:silver_ingot":6,"minecraft:crafting_table":2,"minecraft:wooden_pickaxe":2,"minecraft:copper_ingot":130,"minecraft:stone_axe":1,"minecraft:air":0,"minecraft:jungle_planks":32,"minecraft:shield":2,"minecraft:stick":127,"minecraft:wooden_axe":1,"stalwart_dungeons:stone_hammer":2,"iceandfire:silver_sword":3},"minecraft:killed":{"alexsmobs:tiger":1,"minecraft:spider":2,"luminousworld:sunken_skeleton":3,"born_in_chaos_v1:zombie_bruiser":1,"born_in_chaos_v1:maggot":7,"born_in_chaos_v1:baby_skeleton_minion":2,"minecraft:skeleton":1,"alexsmobs:leafcutter_ant":2,"minecraft:chicken":2,"undead_revamp2:therod":1,"undead_revamp2:thehorrors":1,"undead_revamp2:sucker":1,"born_in_chaos_v1:bonescaller":1,"minecraft:sheep":4,"minecraft:zombie":1,"born_in_chaos_v1:corpse_fly":1,"enemyexpansion:botfly":5,"enemyexpansion:slugger":1,"minecraft:cow":1},"minecraft:used":{"iceandfire:silver_sword":95,"iceandfire:armor_copper_metal_leggings":1,"minecraft:shield":25,"vanillaplustools:stone_hammer":132,"minecraft:torch":13,"iceandfire:armor_copper_metal_boots":1,"minecraft:dirt":1,"minecraft:wooden_axe":21,"iceandfire:copper_axe":11,"minecraft:bamboo":1,"minecraft:furnace":8,"tombstone:gift":2,"minecraft:stone_pickaxe":87,"minecraft:oak_planks":7,"minecraft:wooden_pickaxe":15,"minecraft:crafting_table":2,"alexsmobs:leafcutter_ant_pupa":1,"luminousworld:creepberries":3,"iceandfire:armor_copper_metal_chestplate":1,"minecraft:melon_slice":114,"stalwart_dungeons:stone_hammer":61,"minecraft:stone_axe":64,"minecraft:wooden_sword":18,"minecraft:cobblestone":27,"alexsmobs:animal_dictionary":3,"minecraft:coarse_dirt":2},"minecraft:killed_by":{"minecraft:player":1,"enemyexpansion:slugger":2,"alexsmobs:tiger":2,"creeperoverhaul:jungle_creeper":1,"mowziesmobs:foliaath":1},"minecraft:custom":{"minecraft:mob_kills":41,"minecraft:interact_with_crafting_table":39,"minecraft:damage_dealt_resisted":56,"minecraft:leave_game":4,"minecraft:time_since_death":3733,"minecraft:climb_one_cm":24206,"minecraft:sprint_one_cm":240262,"minecraft:walk_one_cm":295332,"minecraft:damage_blocked_by_shield":1470,"minecraft:drop":84,"minecraft:play_time":114401,"minecraft:deaths":8,"minecraft:sneak_time":696,"minecraft:walk_under_water_one_cm":18648,"minecraft:jump":1844,"minecraft:walk_on_water_one_cm":41441,"minecraft:total_world_time":114401,"minecraft:interact_with_furnace":47,"minecraft:time_since_rest":2339,"minecraft:damage_taken":5730,"minecraft:damage_dealt":7553,"minecraft:swim_one_cm":91782,"minecraft:fly_one_cm":309070,"minecraft:open_chest":30,"minecraft:crouch_one_cm":924,"tombstone:undead_killed":10,"minecraft:fall_one_cm":29696}},"DataVersion":3465}