{"stats":{"minecraft:picked_up":{"born_in_chaos_v1:corpse_maggot":5,"minecraft:cocoa_beans":3,"minecraft:coarse_dirt":2,"minecraft:feather":5,"minecraft:chicken":2,"minecraft:leather":1,"minecraft:jungle_log":9,"minecraft:brown_wool":1,"minecraft:oak_log":17,"minecraft:golden_boots":1,"minecraft:gunpowder":2,"minecraft:string":5,"minecraft:dirt":39,"minecraft:raw_copper":127,"born_in_chaos_v1:intoxicating_decoction":1,"minecraft:bone":9,"minecraft:wheat_seeds":9,"minecraft:smooth_stone":6,"minecraft:beef":1,"minecraft:jungle_sapling":1,"minecraft:bamboo":205,"minecraft:melon_slice":335,"minecraft:sugar_cane":2,"alexsmobs:leafcutter_ant_chamber":4,"minecraft:raw_iron":4,"minecraft:stick":50,"iceandfire:armor_copper_metal_leggings":1,"luminousworld:creepberries":3,"minecraft:copper_ingot":2,"minecraft:torch":32,"born_in_chaos_v1:ethereal_spirit":1,"tombstone:grave_dust":2,"iceandfire:armor_copper_metal_boots":1,"alexsmobs:leafcutter_ant_pupa":1,"minecraft:rotten_flesh":16,"minecraft:chainmail_leggings":1,"minecraft:oak_sapling":2,"minecraft:mutton":6,"iceandfire:raw_silver":8,"minecraft:coal":85,"minecraft:white_wool":2,"minecraft:cobblestone":1025},"minecraft:dropped":{"born_in_chaos_v1:intoxicating_decoction":1,"minecraft:wheat_seeds":4,"minecraft:cocoa_beans":3,"iceandfire:armor_copper_metal_chestplate":1,"minecraft:feather":1,"minecraft:cobblestone":64,"minecraft:rotten_flesh":1,"minecraft:oak_planks":20,"minecraft:jungle_planks":1,"iceandfire:armor_copper_metal_helmet":1,"minecraft:stick":62,"minecraft:dirt":32,"minecraft:shield":1,"iceandfire:silver_sword":1,"minecraft:melon_slice":40,"minecraft:brown_wool":1,"iceandfire:armor_copper_metal_boots":2,"minecraft:jungle_sapling":1,"minecraft:wooden_sword":1,"minecraft:bamboo":14,"minecraft:wooden_pickaxe":1,"iceandfire:armor_copper_metal_leggings":2,"stalwart_dungeons:stone_hammer":1},"minecraft:broken":{"vanillaplustools:stone_hammer":1,"iceandfire:armor_copper_metal_helmet":1},"minecraft:mined":{"minecraft:podzol":1,"iceandfire:silver_ore":9,"alexsmobs:leafcutter_anthill":1,"minecraft:jungle_leaves":3,"minecraft:crafting_table":1,"minecraft:grass_block":2,"minecraft:melon":65,"minecraft:jungle_log":8,"alexsmobs:leafcutter_ant_chamber":5,"minecraft:copper_ore":35,"minecraft:cobblestone":1,"minecraft:lapis_ore":1,"minecraft:sugar_cane":1,"minecraft:coarse_dirt":1,"minecraft:iron_ore":4,"minecraft:grass":73,"minecraft:coal_ore":85,"minecraft:oak_log":16,"minecraft:vine":8,"minecraft:dirt":5,"minecraft:bamboo":14,"minecraft:stone":1049,"minecraft:oak_leaves":6,"minecraft:fern":28,"luminousworld:creepbush":3},"minecraft:crafted":{"minecraft:wooden_sword":2,"minecraft:smooth_stone":3,"minecraft:oak_planks":68,"vanillaplustools:stone_hammer":2,"iceandfire:silver_ingot":6,"minecraft:crafting_table":2,"minecraft:wooden_pickaxe":2,"minecraft:furnace":8,"iceandfire:armor_copper_metal_leggings":2,"minecraft:copper_ingot":130,"minecraft:stone":9,"minecraft:stone_axe":1,"iceandfire:armor_copper_metal_helmet":2,"minecraft:jungle_planks":32,"minecraft:cooked_mutton":4,"minecraft:air":0,"iceandfire:armor_copper_metal_boots":2,"iceandfire:copper_axe":2,"minecraft:shield":2,"minecraft:stick":127,"iceandfire:armor_copper_metal_chestplate":2,"minecraft:stone_pickaxe":19,"minecraft:wooden_axe":1,"stalwart_dungeons:stone_hammer":2,"iceandfire:silver_sword":2},"minecraft:killed":{"born_in_chaos_v1:bonescaller":1,"minecraft:spider":2,"luminousworld:sunken_skeleton":3,"born_in_chaos_v1:zombie_bruiser":1,"born_in_chaos_v1:baby_skeleton_minion":2,"born_in_chaos_v1:maggot":6,"minecraft:sheep":4,"minecraft:skeleton":1,"alexsmobs:leafcutter_ant":2,"minecraft:chicken":2,"born_in_chaos_v1:corpse_fly":1,"enemyexpansion:botfly":1,"undead_revamp2:therod":1,"undead_revamp2:thehorrors":1,"undead_revamp2:sucker":1,"minecraft:cow":1,"enemyexpansion:slugger":1},"minecraft:used":{"iceandfire:silver_sword":64,"iceandfire:armor_copper_metal_leggings":1,"minecraft:stone_pickaxe":74,"minecraft:oak_planks":7,"minecraft:wooden_pickaxe":15,"minecraft:shield":10,"vanillaplustools:stone_hammer":132,"minecraft:torch":9,"iceandfire:armor_copper_metal_boots":1,"minecraft:dirt":1,"minecraft:crafting_table":2,"alexsmobs:leafcutter_ant_pupa":1,"luminousworld:creepberries":3,"minecraft:wooden_axe":21,"iceandfire:armor_copper_metal_chestplate":1,"minecraft:melon_slice":108,"iceandfire:copper_axe":11,"stalwart_dungeons:stone_hammer":53,"minecraft:stone_axe":62,"minecraft:bamboo":1,"minecraft:wooden_sword":18,"minecraft:cobblestone":17,"minecraft:furnace":8,"alexsmobs:animal_dictionary":3,"minecraft:coarse_dirt":2},"minecraft:killed_by":{"minecraft:player":1,"creeperoverhaul:jungle_creeper":1,"mowziesmobs:foliaath":1},"minecraft:custom":{"minecraft:interact_with_furnace":47,"minecraft:mob_kills":34,"minecraft:interact_with_crafting_table":35,"minecraft:damage_dealt_resisted":56,"minecraft:leave_game":2,"minecraft:time_since_death":5382,"minecraft:climb_one_cm":17039,"minecraft:time_since_rest":4150,"minecraft:sprint_one_cm":208880,"minecraft:damage_taken":4556,"minecraft:walk_one_cm":241860,"minecraft:damage_blocked_by_shield":735,"minecraft:drop":76,"minecraft:damage_dealt":6255,"minecraft:swim_one_cm":80524,"minecraft:fly_one_cm":236262,"minecraft:open_chest":27,"minecraft:play_time":99518,"minecraft:crouch_one_cm":924,"tombstone:undead_killed":9,"minecraft:deaths":4,"minecraft:sneak_time":485,"minecraft:walk_under_water_one_cm":18328,"minecraft:jump":1459,"minecraft:walk_on_water_one_cm":33152,"minecraft:total_world_time":99518,"minecraft:fall_one_cm":25982}},"DataVersion":3465}