{"stats":{"minecraft:broken":{"stalwart_dungeons:stone_hammer":1,"iceandfire:silver_sword":1,"minecraft:stone_pickaxe":1,"minecraft:stone_axe":4,"iceandfire:armor_copper_metal_helmet":1,"minecraft:chainmail_leggings":1,"ecologics:crab_claw":1,"minecraft:shield":1,"vanillaplustools:stone_hammer":3,"iceandfire:armor_copper_metal_chestplate":1,"iceandfire:armor_copper_metal_boots":1},"minecraft:picked_up":{"minecraft:wheat":7,"iceandfire:copper_sword":2,"supplementaries:bomb_blue":1,"minecraft:smithing_table":1,"iceandfire:armor_copper_metal_chestplate":1,"alexscaves:cave_tablet":4,"minecraft:enchanted_book":1,"minecraft:stone_brick_stairs":1,"born_in_chaos_v1:black_argillite":5,"iceandfire:manuscript":38,"minecraft:string":20,"minecraft:raw_copper":312,"alexsmobs:ancient_dart":2,"minecraft:smooth_stone_slab":2,"minecraft:sticky_piston":29,"minecraft:experience_bottle":3,"minecraft:cobbled_deepslate":2,"alexsmobs:banana":4,"minecraft:gold_nugget":3,"minecraft:smooth_stone":6,"minecraft:bucket":3,"minecraft:black_glazed_terracotta":8,"minecraft:cobblestone_slab":7,"minecraft:melon_slice":804,"ecologics:crab_claw":1,"alexsmobs:leafcutter_ant_chamber":5,"minecraft:golden_helmet":1,"minecraft:tipped_arrow":15,"minecraft:stick":73,"born_in_chaos_v1:shattered_skull":4,"iceandfire:armor_copper_metal_leggings":3,"minecraft:oak_fence":1,"minecraft:torch":52,"supplementaries:bamboo_spikes_tipped":1,"minecraft:porkchop":31,"minecraft:target":2,"iceandfire:crackled_gravel":1,"minecraft:diorite":84,"tombstone:grave_dust":22,"born_in_chaos_v1:nightmare_claw":4,"minecraft:brown_carpet":10,"minecraft:light_gray_bed":4,"minecraft:rotten_flesh":45,"supplementaries:antique_ink":2,"minecraft:carved_pumpkin":2,"ecologics:walnut_leaves":27,"supplementaries:ash":6,"endrem:rogue_eye":4,"minecraft:cobblestone":2239,"minecraft:magma_block":2,"minecraft:feather":19,"minecraft:oxidized_copper":2,"minecraft:andesite":84,"minecraft:water_bucket":2,"minecraft:jungle_log":211,"minecraft:brown_wool":1,"minecraft:golden_leggings":1,"minecraft:flint":4,"undead_revamp2:huntereye":1,"minecraft:lapis_lazuli":1,"minecraft:dirt":444,"born_in_chaos_v1:monster_skin":10,"minecraft:bone":112,"minecraft:bow":1,"minecraft:wheat_seeds":51,"minecraft:mossy_stone_bricks":1,"minecraft:bamboo":893,"minecraft:moss_block":9,"minecraft:mossy_stone_brick_stairs":2,"minecraft:lime_glazed_terracotta":8,"luminousworld:creepberries":24,"minecraft:sand":8,"minecraft:jungle_planks":16,"minecraft:acacia_stairs":1,"minecraft:trapped_chest":2,"minecraft:mossy_cobblestone":11,"minecraft:bundle":8,"stalwart_dungeons:stone_hammer":1,"iceandfire:lectern":2,"minecraft:crossbow":1,"minecraft:granite":65,"minecraft:emerald":58,"minecraft:bread":5,"minecraft:oak_sapling":8,"minecraft:netherrack":28,"iceandfire:raw_silver":15,"minecraft:cocoa_beans":3,"iceandfire:dragon_skull_lightning":1,"luminousworld:groundpebbles_1":4,"minecraft:coarse_dirt":15,"minecraft:crafting_table":5,"minecraft:azure_bluet":1,"minecraft:chicken":6,"minecraft:stone_brick_wall":1,"minecraft:chain":8,"minecraft:moss_carpet":6,"born_in_chaos_v1:intoxicating_decoction":1,"minecraft:item_frame":16,"ecologics:walnut_sapling":1,"supplementaries:bomb":4,"iceandfire:bestiary":3,"minecraft:beef":1,"born_in_chaos_v1:gnawed_bones":4,"minecraft:jungle_sapling":9,"minecraft:sugar_cane":73,"iceandfire:podium_acacia":3,"minecraft:egg":6,"minecraft:raw_iron":10,"iceandfire:dragonbone":9,"ecologics:coconut_slice":15,"minecraft:copper_ingot":59,"quark:jungle_chest":3,"iceandfire:armor_copper_metal_boots":1,"born_in_chaos_v1:pieceofdarkmetal":24,"minecraft:carrot":1,"alexsmobs:leafcutter_ant_pupa":4,"minecraft:stone_pressure_plate":3,"minecraft:arrow":38,"quark:acacia_chest":1,"minecraft:hay_block":56,"minecraft:yellow_terracotta":3,"minecraft:saddle":1,"minecraft:gold_ingot":52,"sophisticatedbackpacks:copper_backpack":2,"minecraft:mutton":13,"minecraft:white_wool":9,"born_in_chaos_v1:fused_bone":9,"born_in_chaos_v1:corpse_maggot":8,"born_in_chaos_v1:monster_flesh":6,"luminousworld:ishstone":11,"minecraft:leather":1,"quark:smithing_template_rune":2,"minecraft:oak_log":17,"minecraft:yellow_glazed_terracotta":8,"minecraft:golden_boots":1,"minecraft:yellow_bed":2,"minecraft:cobblestone_wall":1,"minecraft:gunpowder":4,"minecraft:cooked_mutton":1,"iceandfire:pixie_jar_empty":3,"minecraft:light_gray_glazed_terracotta":8,"minecraft:wild_armor_trim_smithing_template":4,"minecraft:iron_ingot":20,"minecraft:acacia_sapling":2,"minecraft:book":25,"minecraft:scaffolding":6,"friendsandfoes:oxidized_lightning_rod":2,"born_in_chaos_v1:ethereal_spirit":4,"minecraft:gravel":37,"minecraft:amethyst_shard":9,"quark:oak_chest":1,"tombstone:scroll_of_true_sight":3,"minecraft:slime_ball":17,"minecraft:purple_glazed_terracotta":352,"iceandfire:silver_sword":1,"minecraft:chainmail_leggings":1,"minecraft:mossy_cobblestone_stairs":1,"minecraft:gray_wool":1,"tombstone:magic_scroll":5,"minecraft:melon_seeds":3,"minecraft:damaged_anvil":1,"minecraft:black_wool":1,"minecraft:coal":261},"minecraft:used":{"iceandfire:lectern":2,"sophisticatedbackpacks:copper_backpack":1,"minecraft:shield":39,"minecraft:stone":21,"minecraft:iron_sword":183,"minecraft:jungle_planks":27,"minecraft:magma_block":1,"minecraft:scaffolding":6,"minecraft:furnace":8,"minecraft:diorite":6,"minecraft:damaged_anvil":1,"iceandfire:podium_acacia":3,"minecraft:stone_pickaxe":348,"minecraft:oak_planks":7,"minecraft:wooden_pickaxe":16,"minecraft:yellow_terracotta":3,"minecraft:stone_brick_wall":1,"luminousworld:creepberries":3,"iceandfire:armor_copper_metal_chestplate":1,"minecraft:melon_slice":474,"ecologics:coconut_slice":5,"minecraft:wooden_sword":18,"minecraft:andesite":25,"minecraft:smooth_stone_slab":2,"minecraft:coarse_dirt":13,"minecraft:oak_fence":7,"ecologics:crab_claw":50,"iceandfire:silver_sword":474,"iceandfire:armor_copper_metal_leggings":1,"born_in_chaos_v1:ethereal_spirit":1,"minecraft:carved_pumpkin":2,"quark:jungle_chest":24,"vanillaplustools:stone_hammer":412,"minecraft:torch":105,"iceandfire:armor_copper_metal_boots":1,"minecraft:dirt":357,"minecraft:cobblestone_wall":1,"minecraft:granite":12,"minecraft:oak_fence_gate":2,"minecraft:wooden_axe":21,"iceandfire:copper_axe":11,"minecraft:iron_boots":1,"undead_revamp2:huntereye":1,"minecraft:bamboo":1,"minecraft:oxidized_copper":2,"minecraft:trapped_chest":1,"tombstone:gift":3,"alexsmobs:banana":4,"minecraft:light_gray_bed":4,"minecraft:iron_leggings":1,"minecraft:wheat_seeds":7,"minecraft:cooked_mutton":1,"minecraft:water_bucket":18,"minecraft:cobblestone_stairs":3,"minecraft:bundle":6,"ecologics:walnut_sapling":1,"luminousworld:ishstone":1,"minecraft:cobblestone_slab":11,"minecraft:crafting_table":7,"friendsandfoes:oxidized_lightning_rod":2,"quark:acacia_chest":1,"vanillaplustools:stone_shovel":104,"minecraft:white_bed":1,"alexsmobs:leafcutter_ant_pupa":4,"minecraft:stone_axe":509,"stalwart_dungeons:stone_hammer":80,"minecraft:cobblestone":142,"minecraft:bucket":18,"minecraft:yellow_bed":2,"alexsmobs:animal_dictionary":3},"minecraft:mined":{"minecraft:stone_pressure_plate":4,"luminousworld:autumnleaves":1,"alexsmobs:leafcutter_anthill":3,"minecraft:jungle_leaves":111,"minecraft:carved_pumpkin":2,"minecraft:granite":83,"minecraft:grass_block":160,"minecraft:stone_brick_wall":1,"friendsandfoes:oxidized_lightning_rod":2,"minecraft:infested_cobblestone":24,"minecraft:jungle_log":210,"minecraft:light_gray_bed":4,"iceandfire:lectern":1,"minecraft:chiseled_stone_bricks":1,"minecraft:tall_seagrass":10,"minecraft:magma_block":9,"minecraft:mossy_cobblestone_stairs":1,"minecraft:iron_ore":10,"minecraft:sticky_piston":5,"minecraft:fire":12,"minecraft:target":2,"placeablesmod:empty_bucket_block":2,"sophisticatedbackpacks:copper_backpack":1,"minecraft:tripwire":7,"luminousworld:creepbush":25,"minecraft:piston_head":7,"iceandfire:podium_acacia":2,"minecraft:torch":6,"minecraft:oxidized_copper":2,"minecraft:melon":151,"minecraft:cobblestone":52,"minecraft:sugar_cane":26,"minecraft:damaged_anvil":1,"minecraft:wall_torch":8,"minecraft:seagrass":1,"minecraft:light_gray_glazed_terracotta":8,"minecraft:wheat":1,"minecraft:yellow_glazed_terracotta":8,"minecraft:stone_brick_stairs":1,"minecraft:smooth_stone_slab":1,"minecraft:grass":150,"minecraft:infested_mossy_stone_bricks":1,"minecraft:oak_log":16,"minecraft:sand":8,"minecraft:dirt":173,"luminousworld:grassvariant_3":1,"minecraft:dispenser":1,"minecraft:deepslate":30,"minecraft:netherrack":59,"luminousworld:groundpebbles_1":3,"minecraft:oak_leaves":39,"minecraft:yellow_terracotta":7,"minecraft:purple_glazed_terracotta":352,"iceandfire:silver_ore":16,"minecraft:mossy_cobblestone":14,"luminousworld:grassvariant_4":3,"born_in_chaos_v1:black_argillite":5,"minecraft:jungle_planks":3,"alexsmobs:leafcutter_ant_chamber":10,"luminousworld:grassvariant_2":1,"quark:jungle_chest":3,"quark:acacia_chest":1,"minecraft:moss_block":13,"minecraft:hay_block":56,"minecraft:black_glazed_terracotta":8,"minecraft:acacia_stairs":1,"minecraft:andesite":37,"minecraft:mossy_stone_brick_stairs":2,"minecraft:bookshelf":8,"minecraft:cobblestone_slab":8,"minecraft:vine":29,"minecraft:bamboo":61,"minecraft:stone":2217,"minecraft:redstone_wall_torch":1,"iceandfire:pixie_jar_empty":3,"minecraft:podzol":71,"minecraft:smithing_table":1,"minecraft:hanging_roots":2,"quark:oak_chest":1,"minecraft:oak_fence":1,"minecraft:crafting_table":5,"ecologics:walnut_leaves":50,"minecraft:copper_ore":47,"minecraft:tall_grass":1,"minecraft:lapis_ore":1,"minecraft:diorite":78,"supplementaries:urn":4,"minecraft:coarse_dirt":26,"minecraft:trapped_chest":2,"minecraft:cobblestone_wall":1,"minecraft:lime_glazed_terracotta":8,"minecraft:yellow_bed":2,"minecraft:coal_ore":174,"luminousworld:ishstone":11,"minecraft:gravel":40,"minecraft:cobweb":4,"minecraft:mossy_stone_bricks":1,"minecraft:fern":46},"minecraft:custom":{"minecraft:interact_with_crafting_table":62,"minecraft:open_barrel":4,"minecraft:leave_game":12,"minecraft:time_since_death":873,"minecraft:sprint_one_cm":976548,"minecraft:damage_blocked_by_shield":2540,"minecraft:drop":248,"minecraft:talked_to_villager":9,"minecraft:play_time":410536,"minecraft:deaths":19,"minecraft:jump":6021,"minecraft:walk_on_water_one_cm":125836,"minecraft:interact_with_furnace":77,"minecraft:sleep_in_bed":14,"minecraft:damage_dealt":25368,"minecraft:crouch_one_cm":23616,"tombstone:undead_killed":39,"minecraft:interact_with_smithing_table":1,"minecraft:inspect_dispenser":11,"minecraft:horse_one_cm":268358,"minecraft:inspect_dropper":7,"minecraft:mob_kills":125,"minecraft:inspect_hopper":1,"minecraft:damage_dealt_resisted":11445,"minecraft:climb_one_cm":63821,"minecraft:walk_one_cm":1034218,"minecraft:damage_dealt_absorbed":68,"minecraft:sneak_time":14096,"minecraft:walk_under_water_one_cm":206784,"minecraft:total_world_time":410536,"minecraft:interact_with_stonecutter":1,"minecraft:time_since_rest":391,"minecraft:damage_taken":13953,"minecraft:trigger_trapped_chest":2,"minecraft:swim_one_cm":244569,"minecraft:fly_one_cm":1105231,"minecraft:open_chest":429,"minecraft:fall_one_cm":131905},"minecraft:dropped":{"ecologics:coconut_slice":8,"minecraft:jungle_planks":1,"born_in_chaos_v1:pieceofdarkmetal":7,"born_in_chaos_v1:nightmare_claw":2,"minecraft:flint":1,"minecraft:emerald":19,"born_in_chaos_v1:monster_flesh":2,"minecraft:dirt":38,"born_in_chaos_v1:monster_skin":3,"tombstone:scroll_of_true_sight":1,"iceandfire:armor_copper_metal_boots":3,"minecraft:jungle_sapling":2,"minecraft:chain":4,"minecraft:wooden_sword":1,"minecraft:amethyst_shard":6,"minecraft:sand":3,"minecraft:white_wool":2,"minecraft:bone":40,"alexscaves:cave_tablet":2,"endrem:rogue_eye":2,"born_in_chaos_v1:ethereal_spirit":1,"minecraft:rotten_flesh":13,"minecraft:oak_planks":20,"iceandfire:crackled_gravel":1,"minecraft:tipped_arrow":6,"minecraft:melon_seeds":3,"born_in_chaos_v1:corpse_maggot":3,"ecologics:coconut_husk":5,"iceandfire:bestiary":1,"quark:smithing_template_rune":1,"minecraft:arrow":12,"iceandfire:armor_copper_metal_leggings":3,"minecraft:netherrack":28,"minecraft:egg":2,"minecraft:iron_ingot":1,"born_in_chaos_v1:intoxicating_decoction":1,"born_in_chaos_v1:shattered_skull":1,"minecraft:wheat_seeds":22,"luminousworld:ishstone":1,"iceandfire:armor_copper_metal_chestplate":2,"minecraft:feather":5,"minecraft:cobblestone":128,"luminousworld:creepberries":17,"minecraft:granite":9,"minecraft:copper_ingot":30,"minecraft:stick":62,"born_in_chaos_v1:gnawed_bones":1,"minecraft:diorite":3,"tombstone:magic_scroll":3,"alexsmobs:leafcutter_ant_chamber":1,"iceandfire:silver_sword":3,"minecraft:melon_slice":40,"minecraft:brown_wool":1,"born_in_chaos_v1:fused_bone":4,"tombstone:grave_dust":12,"minecraft:string":2,"stalwart_dungeons:stone_hammer":1,"minecraft:cocoa_beans":3,"minecraft:wild_armor_trim_smithing_template":2,"minecraft:raw_copper":102,"minecraft:sticky_piston":7,"supplementaries:bomb":2,"iceandfire:armor_copper_metal_helmet":2,"minecraft:cobblestone_slab":2,"minecraft:shield":1,"iceandfire:copper_sword":1,"ecologics:walnut_leaves":27,"minecraft:bundle":3,"luminousworld:groundpebbles_1":1,"minecraft:andesite":3,"minecraft:stone_pressure_plate":3,"minecraft:brown_carpet":10,"minecraft:bamboo":24,"minecraft:slime_ball":8,"minecraft:wooden_pickaxe":2,"minecraft:magma_block":1},"minecraft:crafted":{"minecraft:smooth_stone":3,"minecraft:oak_planks":124,"minecraft:cobblestone_slab":6,"minecraft:stone":64,"minecraft:cobblestone_stairs":4,"minecraft:cooked_mutton":6,"iceandfire:armor_copper_metal_boots":3,"iceandfire:copper_axe":2,"iceandfire:armor_copper_metal_chestplate":3,"vanillaplustools:stone_shovel":1,"minecraft:oak_fence":6,"minecraft:crafting_table":4,"minecraft:wooden_pickaxe":3,"minecraft:copper_ingot":148,"minecraft:iron_horse_armor":1,"minecraft:shield":2,"minecraft:stick":539,"iceandfire:silver_sword":3,"minecraft:wooden_sword":2,"minecraft:stone_shovel":9,"vanillaplustools:stone_hammer":4,"quark:jungle_chest":21,"minecraft:furnace":8,"iceandfire:armor_copper_metal_leggings":3,"iceandfire:armor_copper_metal_helmet":3,"minecraft:stone_pickaxe":41,"iceandfire:silver_ingot":6,"minecraft:iron_sword":1,"born_in_chaos_v1:bone_heart":1,"minecraft:stone_axe":6,"minecraft:air":0,"minecraft:jungle_planks":240,"minecraft:oak_fence_gate":2,"minecraft:white_wool":1,"minecraft:wooden_axe":1,"minecraft:white_bed":1,"stalwart_dungeons:stone_hammer":2,"minecraft:torch":92},"minecraft:killed":{"minecraft:spider":3,"born_in_chaos_v1:siamese_skeletonsright":1,"born_in_chaos_v1:baby_skeleton_minion":2,"minecraft:skeleton":2,"alexsmobs:leafcutter_ant":3,"minecraft:chicken":4,"alexsmobs:capuchin_monkey":4,"born_in_chaos_v1:skeleton_thrasher":1,"ecologics:coconut_crab":1,"minecraft:silverfish":10,"undead_revamp2:therod":1,"undead_revamp2:thepregnant":1,"born_in_chaos_v1:bonescaller":1,"minecraft:pig":10,"born_in_chaos_v1:diamond_termite":1,"naturalist:snake":1,"minecraft:sheep":8,"undead_revamp2:thebidyupside":1,"minecraft:zombie":8,"born_in_chaos_v1:dread_hound":3,"alexsmobs:terrapin":1,"born_in_chaos_v1:corpse_fly":3,"enemyexpansion:botfly":6,"born_in_chaos_v1:door_knight":1,"born_in_chaos_v1:siamese_skeletonsleft":1,"minecraft:cow":1,"undead_revamp2:theimmortal":4,"alexsmobs:tiger":2,"luminousworld:sunken_skeleton":3,"undead_revamp2:bomber":1,"enemyexpansion:direwolf":3,"born_in_chaos_v1:zombie_bruiser":3,"born_in_chaos_v1:maggot":7,"undead_revamp2:thebidy":3,"undead_revamp2:thehorrors":1,"undead_revamp2:sucker":1,"minecraft:husk":1,"undead_revamp2:the_moonflower":1,"born_in_chaos_v1:decrepit_skeleton":3,"iceandfire:ghost":1,"born_in_chaos_v1:nightmare_stalker":1,"enemyexpansion:slugger":1},"minecraft:killed_by":{"alexsmobs:leafcutter_ant":1,"enemyexpansion:slugger":2,"enemyexpansion:huntsman":1,"creeperoverhaul:jungle_creeper":1,"undead_revamp2:thepregnant":1,"minecraft:husk":1,"minecraft:player":1,"undead_revamp2:thespitter":1,"alexsmobs:tiger":2,"enemyexpansion:direwolf":1,"illagerinvasion:marauder":1,"mowziesmobs:foliaath":2,"born_in_chaos_v1:door_knight":3}},"DataVersion":3465}