{"stats":{"minecraft:custom":{"minecraft:mob_kills":80,"minecraft:interact_with_crafting_table":41,"minecraft:damage_dealt_resisted":187,"minecraft:leave_game":8,"minecraft:time_since_death":16714,"minecraft:climb_one_cm":39809,"minecraft:sprint_one_cm":443491,"minecraft:walk_one_cm":417363,"minecraft:damage_blocked_by_shield":2105,"minecraft:drop":127,"minecraft:play_time":180223,"minecraft:deaths":12,"minecraft:sneak_time":5214,"minecraft:walk_under_water_one_cm":38567,"minecraft:jump":3477,"minecraft:walk_on_water_one_cm":61390,"minecraft:total_world_time":180223,"minecraft:interact_with_furnace":47,"minecraft:time_since_rest":14315,"minecraft:damage_taken":7943,"minecraft:trigger_trapped_chest":1,"minecraft:damage_dealt":15505,"minecraft:swim_one_cm":141262,"minecraft:fly_one_cm":664799,"minecraft:open_chest":37,"minecraft:crouch_one_cm":11200,"tombstone:undead_killed":29,"minecraft:fall_one_cm":73871},"minecraft:picked_up":{"minecraft:cocoa_beans":3,"minecraft:crafting_table":2,"minecraft:coarse_dirt":2,"minecraft:chicken":2,"minecraft:string":10,"minecraft:raw_copper":161,"born_in_chaos_v1:intoxicating_decoction":1,"ecologics:walnut_sapling":1,"alexsmobs:banana":1,"minecraft:smooth_stone":6,"minecraft:beef":1,"minecraft:jungle_sapling":2,"minecraft:melon_slice":468,"minecraft:sugar_cane":2,"ecologics:crab_claw":1,"alexsmobs:leafcutter_ant_chamber":4,"minecraft:stick":53,"minecraft:raw_iron":4,"born_in_chaos_v1:shattered_skull":1,"ecologics:coconut_slice":8,"iceandfire:armor_copper_metal_leggings":1,"minecraft:copper_ingot":2,"minecraft:torch":32,"iceandfire:crackled_gravel":1,"born_in_chaos_v1:nightmare_claw":1,"tombstone:grave_dust":6,"iceandfire:armor_copper_metal_boots":1,"born_in_chaos_v1:pieceofdarkmetal":10,"alexsmobs:leafcutter_ant_pupa":1,"minecraft:arrow":2,"minecraft:rotten_flesh":26,"ecologics:walnut_leaves":27,"minecraft:mutton":8,"minecraft:white_wool":4,"minecraft:cobblestone":1185,"born_in_chaos_v1:fused_bone":3,"born_in_chaos_v1:corpse_maggot":6,"minecraft:magma_block":2,"minecraft:feather":5,"born_in_chaos_v1:monster_flesh":1,"minecraft:jungle_log":17,"minecraft:brown_wool":1,"minecraft:leather":1,"minecraft:oak_log":17,"undead_revamp2:huntereye":1,"minecraft:golden_boots":1,"minecraft:gunpowder":2,"minecraft:dirt":59,"born_in_chaos_v1:monster_skin":2,"minecraft:bone":24,"minecraft:wheat_seeds":14,"minecraft:iron_ingot":2,"minecraft:bamboo":231,"luminousworld:creepberries":20,"born_in_chaos_v1:ethereal_spirit":2,"minecraft:jungle_planks":2,"minecraft:sand":1,"minecraft:bundle":3,"minecraft:slime_ball":4,"stalwart_dungeons:stone_hammer":1,"iceandfire:silver_sword":1,"minecraft:chainmail_leggings":1,"tombstone:magic_scroll":1,"minecraft:oak_sapling":2,"minecraft:netherrack":28,"minecraft:coal":85,"iceandfire:raw_silver":9},"minecraft:used":{"ecologics:crab_claw":50,"iceandfire:silver_sword":209,"iceandfire:armor_copper_metal_leggings":1,"minecraft:shield":33,"vanillaplustools:stone_hammer":157,"minecraft:torch":13,"iceandfire:armor_copper_metal_boots":1,"minecraft:dirt":1,"minecraft:jungle_planks":26,"minecraft:wooden_axe":21,"iceandfire:copper_axe":11,"undead_revamp2:huntereye":1,"minecraft:bamboo":1,"minecraft:magma_block":1,"minecraft:furnace":8,"tombstone:gift":2,"minecraft:stone_pickaxe":130,"minecraft:oak_planks":7,"minecraft:wooden_pickaxe":15,"ecologics:walnut_sapling":1,"minecraft:crafting_table":5,"alexsmobs:leafcutter_ant_pupa":1,"luminousworld:creepberries":3,"iceandfire:armor_copper_metal_chestplate":1,"minecraft:melon_slice":194,"minecraft:stone_axe":135,"stalwart_dungeons:stone_hammer":80,"minecraft:wooden_sword":18,"minecraft:cobblestone":62,"alexsmobs:animal_dictionary":3,"minecraft:coarse_dirt":2},"minecraft:killed":{"undead_revamp2:theimmortal":2,"alexsmobs:tiger":1,"minecraft:spider":3,"luminousworld:sunken_skeleton":3,"born_in_chaos_v1:siamese_skeletonsright":1,"born_in_chaos_v1:zombie_bruiser":3,"born_in_chaos_v1:maggot":7,"born_in_chaos_v1:baby_skeleton_minion":2,"minecraft:skeleton":1,"alexsmobs:leafcutter_ant":2,"minecraft:chicken":2,"alexsmobs:capuchin_monkey":4,"ecologics:coconut_crab":1,"born_in_chaos_v1:skeleton_thrasher":1,"undead_revamp2:thebidy":3,"undead_revamp2:therod":1,"undead_revamp2:thehorrors":1,"undead_revamp2:thepregnant":1,"undead_revamp2:sucker":1,"minecraft:husk":1,"born_in_chaos_v1:bonescaller":1,"born_in_chaos_v1:decrepit_skeleton":1,"minecraft:sheep":6,"undead_revamp2:thebidyupside":1,"minecraft:zombie":6,"iceandfire:ghost":1,"born_in_chaos_v1:dread_hound":1,"born_in_chaos_v1:corpse_fly":2,"enemyexpansion:botfly":6,"born_in_chaos_v1:nightmare_stalker":1,"born_in_chaos_v1:siamese_skeletonsleft":1,"enemyexpansion:slugger":1,"minecraft:cow":1},"minecraft:dropped":{"born_in_chaos_v1:intoxicating_decoction":1,"minecraft:wheat_seeds":8,"iceandfire:armor_copper_metal_chestplate":2,"minecraft:feather":1,"minecraft:cobblestone":64,"luminousworld:creepberries":17,"minecraft:jungle_planks":1,"minecraft:stick":62,"minecraft:flint":1,"minecraft:dirt":33,"iceandfire:silver_sword":3,"minecraft:melon_slice":40,"minecraft:brown_wool":1,"iceandfire:armor_copper_metal_boots":3,"minecraft:jungle_sapling":2,"minecraft:wooden_sword":1,"minecraft:sand":1,"minecraft:string":2,"stalwart_dungeons:stone_hammer":1,"minecraft:cocoa_beans":3,"minecraft:rotten_flesh":11,"minecraft:oak_planks":20,"iceandfire:armor_copper_metal_helmet":2,"iceandfire:crackled_gravel":1,"minecraft:shield":1,"ecologics:walnut_leaves":27,"born_in_chaos_v1:corpse_maggot":1,"minecraft:bamboo":16,"minecraft:wooden_pickaxe":1,"iceandfire:armor_copper_metal_leggings":3,"minecraft:netherrack":28},"minecraft:killed_by":{"minecraft:husk":1,"minecraft:player":1,"enemyexpansion:slugger":2,"alexsmobs:tiger":2,"enemyexpansion:direwolf":1,"illagerinvasion:marauder":1,"creeperoverhaul:jungle_creeper":1,"undead_revamp2:thepregnant":1,"mowziesmobs:foliaath":1},"minecraft:mined":{"iceandfire:silver_ore":10,"alexsmobs:leafcutter_anthill":1,"minecraft:jungle_leaves":54,"minecraft:grass_block":5,"minecraft:jungle_planks":2,"minecraft:jungle_log":16,"alexsmobs:leafcutter_ant_chamber":5,"minecraft:magma_block":9,"minecraft:iron_ore":4,"minecraft:fire":7,"minecraft:vine":14,"minecraft:bamboo":15,"minecraft:stone":1191,"luminousworld:creepbush":21,"minecraft:podzol":1,"minecraft:crafting_table":3,"minecraft:melon":95,"ecologics:walnut_leaves":50,"minecraft:copper_ore":43,"minecraft:cobblestone":19,"minecraft:lapis_ore":1,"minecraft:sugar_cane":1,"minecraft:coarse_dirt":1,"minecraft:grass":101,"minecraft:oak_log":16,"minecraft:coal_ore":85,"minecraft:sand":1,"minecraft:dirt":5,"minecraft:cobweb":4,"minecraft:netherrack":59,"minecraft:oak_leaves":11,"minecraft:fern":33},"minecraft:crafted":{"minecraft:wooden_sword":2,"minecraft:smooth_stone":3,"minecraft:oak_planks":68,"vanillaplustools:stone_hammer":2,"minecraft:furnace":8,"iceandfire:armor_copper_metal_leggings":3,"minecraft:stone":9,"minecraft:cooked_mutton":4,"iceandfire:armor_copper_metal_boots":3,"iceandfire:armor_copper_metal_helmet":3,"iceandfire:copper_axe":2,"minecraft:stone_pickaxe":19,"iceandfire:armor_copper_metal_chestplate":3,"iceandfire:silver_ingot":6,"minecraft:crafting_table":3,"minecraft:wooden_pickaxe":2,"minecraft:copper_ingot":131,"born_in_chaos_v1:bone_heart":1,"minecraft:stone_axe":1,"minecraft:air":0,"minecraft:jungle_planks":64,"minecraft:shield":2,"minecraft:stick":135,"minecraft:wooden_axe":1,"stalwart_dungeons:stone_hammer":2,"iceandfire:silver_sword":3},"minecraft:broken":{"stalwart_dungeons:stone_hammer":1,"ecologics:crab_claw":1,"minecraft:stone_pickaxe":1,"vanillaplustools:stone_hammer":1,"iceandfire:armor_copper_metal_chestplate":1,"iceandfire:armor_copper_metal_boots":1,"iceandfire:armor_copper_metal_helmet":1}},"DataVersion":3465}