{"stats":{"minecraft:picked_up":{"minecraft:cocoa_beans":3,"minecraft:coarse_dirt":2,"minecraft:chicken":2,"minecraft:string":10,"minecraft:raw_copper":161,"born_in_chaos_v1:intoxicating_decoction":1,"ecologics:walnut_sapling":1,"minecraft:smooth_stone":6,"minecraft:beef":1,"minecraft:jungle_sapling":1,"minecraft:melon_slice":407,"minecraft:sugar_cane":2,"ecologics:crab_claw":1,"alexsmobs:leafcutter_ant_chamber":4,"minecraft:stick":50,"minecraft:raw_iron":4,"born_in_chaos_v1:shattered_skull":1,"ecologics:coconut_slice":8,"iceandfire:armor_copper_metal_leggings":1,"minecraft:copper_ingot":2,"minecraft:torch":32,"iceandfire:crackled_gravel":1,"tombstone:grave_dust":2,"iceandfire:armor_copper_metal_boots":1,"born_in_chaos_v1:pieceofdarkmetal":8,"alexsmobs:leafcutter_ant_pupa":1,"minecraft:rotten_flesh":23,"ecologics:walnut_leaves":27,"minecraft:mutton":8,"minecraft:white_wool":4,"minecraft:cobblestone":1185,"born_in_chaos_v1:fused_bone":1,"born_in_chaos_v1:corpse_maggot":6,"minecraft:magma_block":2,"minecraft:feather":5,"born_in_chaos_v1:monster_flesh":1,"minecraft:jungle_log":9,"minecraft:brown_wool":1,"minecraft:leather":1,"minecraft:oak_log":17,"undead_revamp2:huntereye":1,"minecraft:golden_boots":1,"minecraft:gunpowder":2,"minecraft:dirt":58,"born_in_chaos_v1:monster_skin":1,"minecraft:bone":17,"minecraft:wheat_seeds":12,"minecraft:iron_ingot":2,"minecraft:bamboo":231,"luminousworld:creepberries":20,"born_in_chaos_v1:ethereal_spirit":1,"minecraft:sand":1,"stalwart_dungeons:stone_hammer":1,"iceandfire:silver_sword":1,"minecraft:chainmail_leggings":1,"tombstone:magic_scroll":1,"minecraft:oak_sapling":2,"minecraft:netherrack":28,"minecraft:coal":85,"iceandfire:raw_silver":9},"minecraft:dropped":{"born_in_chaos_v1:intoxicating_decoction":1,"minecraft:wheat_seeds":4,"iceandfire:armor_copper_metal_chestplate":2,"minecraft:feather":1,"minecraft:cobblestone":64,"luminousworld:creepberries":17,"minecraft:jungle_planks":1,"minecraft:stick":62,"minecraft:flint":1,"minecraft:dirt":32,"iceandfire:silver_sword":3,"minecraft:melon_slice":40,"minecraft:brown_wool":1,"iceandfire:armor_copper_metal_boots":3,"minecraft:jungle_sapling":1,"minecraft:wooden_sword":1,"minecraft:sand":1,"stalwart_dungeons:stone_hammer":1,"minecraft:cocoa_beans":3,"minecraft:rotten_flesh":1,"minecraft:oak_planks":20,"iceandfire:armor_copper_metal_helmet":2,"minecraft:shield":1,"ecologics:walnut_leaves":27,"minecraft:bamboo":16,"minecraft:wooden_pickaxe":1,"iceandfire:armor_copper_metal_leggings":3},"minecraft:broken":{"stalwart_dungeons:stone_hammer":1,"ecologics:crab_claw":1,"minecraft:stone_pickaxe":1,"vanillaplustools:stone_hammer":1,"iceandfire:armor_copper_metal_chestplate":1,"iceandfire:armor_copper_metal_boots":1,"iceandfire:armor_copper_metal_helmet":1},"minecraft:mined":{"iceandfire:silver_ore":10,"alexsmobs:leafcutter_anthill":1,"minecraft:jungle_leaves":3,"minecraft:grass_block":4,"minecraft:jungle_log":8,"alexsmobs:leafcutter_ant_chamber":5,"minecraft:magma_block":9,"minecraft:iron_ore":4,"minecraft:fire":7,"minecraft:vine":11,"minecraft:bamboo":15,"minecraft:stone":1191,"luminousworld:creepbush":21,"minecraft:podzol":1,"minecraft:crafting_table":1,"minecraft:melon":82,"ecologics:walnut_leaves":50,"minecraft:copper_ore":43,"minecraft:cobblestone":19,"minecraft:lapis_ore":1,"minecraft:sugar_cane":1,"minecraft:coarse_dirt":1,"minecraft:grass":95,"minecraft:oak_log":16,"minecraft:coal_ore":85,"minecraft:sand":1,"minecraft:dirt":5,"minecraft:cobweb":4,"minecraft:netherrack":59,"minecraft:oak_leaves":11,"minecraft:fern":31},"minecraft:crafted":{"minecraft:wooden_sword":2,"minecraft:smooth_stone":3,"minecraft:oak_planks":68,"vanillaplustools:stone_hammer":2,"minecraft:furnace":8,"iceandfire:armor_copper_metal_leggings":3,"minecraft:stone":9,"minecraft:cooked_mutton":4,"iceandfire:armor_copper_metal_boots":3,"iceandfire:armor_copper_metal_helmet":3,"iceandfire:copper_axe":2,"minecraft:stone_pickaxe":19,"iceandfire:armor_copper_metal_chestplate":3,"iceandfire:silver_ingot":6,"minecraft:crafting_table":2,"minecraft:wooden_pickaxe":2,"minecraft:copper_ingot":130,"minecraft:stone_axe":1,"minecraft:air":0,"minecraft:jungle_planks":32,"minecraft:shield":2,"minecraft:stick":127,"minecraft:wooden_axe":1,"stalwart_dungeons:stone_hammer":2,"iceandfire:silver_sword":3},"minecraft:killed":{"alexsmobs:tiger":1,"minecraft:spider":3,"luminousworld:sunken_skeleton":3,"born_in_chaos_v1:zombie_bruiser":2,"born_in_chaos_v1:maggot":7,"born_in_chaos_v1:baby_skeleton_minion":2,"minecraft:skeleton":1,"alexsmobs:leafcutter_ant":2,"minecraft:chicken":2,"alexsmobs:capuchin_monkey":4,"ecologics:coconut_crab":1,"born_in_chaos_v1:skeleton_thrasher":1,"undead_revamp2:thebidy":2,"undead_revamp2:therod":1,"undead_revamp2:thehorrors":1,"undead_revamp2:sucker":1,"born_in_chaos_v1:bonescaller":1,"born_in_chaos_v1:decrepit_skeleton":1,"minecraft:sheep":6,"minecraft:zombie":2,"iceandfire:ghost":1,"born_in_chaos_v1:dread_hound":1,"born_in_chaos_v1:corpse_fly":2,"enemyexpansion:botfly":5,"enemyexpansion:slugger":1,"minecraft:cow":1},"minecraft:used":{"ecologics:crab_claw":50,"iceandfire:silver_sword":140,"iceandfire:armor_copper_metal_leggings":1,"minecraft:shield":25,"vanillaplustools:stone_hammer":157,"minecraft:torch":13,"iceandfire:armor_copper_metal_boots":1,"minecraft:dirt":1,"minecraft:wooden_axe":21,"iceandfire:copper_axe":11,"undead_revamp2:huntereye":1,"minecraft:bamboo":1,"minecraft:furnace":8,"tombstone:gift":2,"minecraft:stone_pickaxe":130,"minecraft:oak_planks":7,"minecraft:wooden_pickaxe":15,"ecologics:walnut_sapling":1,"minecraft:crafting_table":2,"alexsmobs:leafcutter_ant_pupa":1,"luminousworld:creepberries":3,"iceandfire:armor_copper_metal_chestplate":1,"minecraft:melon_slice":169,"stalwart_dungeons:stone_hammer":80,"minecraft:stone_axe":107,"minecraft:wooden_sword":18,"minecraft:cobblestone":62,"alexsmobs:animal_dictionary":3,"minecraft:coarse_dirt":2},"minecraft:killed_by":{"minecraft:player":1,"enemyexpansion:slugger":2,"alexsmobs:tiger":2,"enemyexpansion:direwolf":1,"creeperoverhaul:jungle_creeper":1,"undead_revamp2:thepregnant":1,"mowziesmobs:foliaath":1},"minecraft:custom":{"minecraft:mob_kills":62,"minecraft:interact_with_crafting_table":39,"minecraft:damage_dealt_resisted":187,"minecraft:leave_game":8,"minecraft:time_since_death":140,"minecraft:climb_one_cm":32659,"minecraft:sprint_one_cm":340837,"minecraft:walk_one_cm":377153,"minecraft:damage_blocked_by_shield":1470,"minecraft:drop":114,"minecraft:play_time":151342,"minecraft:deaths":10,"minecraft:sneak_time":702,"minecraft:walk_under_water_one_cm":34357,"minecraft:jump":2698,"minecraft:walk_on_water_one_cm":58488,"minecraft:total_world_time":151342,"minecraft:interact_with_furnace":47,"minecraft:time_since_rest":1,"minecraft:damage_taken":7069,"minecraft:trigger_trapped_chest":1,"minecraft:damage_dealt":11716,"minecraft:swim_one_cm":115868,"minecraft:fly_one_cm":480975,"minecraft:open_chest":37,"minecraft:crouch_one_cm":924,"tombstone:undead_killed":17,"minecraft:fall_one_cm":55988}},"DataVersion":3465}