{"stats":{"minecraft:picked_up":{"minecraft:wheat_seeds":3,"minecraft:oak_log":2,"minecraft:bamboo":12,"minecraft:melon_slice":65},"minecraft:dropped":{"minecraft:bamboo":9,"minecraft:wheat_seeds":3},"minecraft:mined":{"minecraft:grass":2,"minecraft:oak_log":2,"minecraft:melon":12,"minecraft:bamboo":4,"minecraft:fern":2},"minecraft:used":{"minecraft:bamboo":1},"minecraft:custom":{"minecraft:time_since_rest":4190,"minecraft:crouch_one_cm":74,"minecraft:sprint_one_cm":6832,"minecraft:play_time":4190,"minecraft:walk_one_cm":11914,"minecraft:sneak_time":104,"minecraft:drop":12,"minecraft:jump":47,"minecraft:leave_game":1,"minecraft:time_since_death":4190,"minecraft:climb_one_cm":334,"minecraft:total_world_time":4190,"minecraft:fly_one_cm":9589,"minecraft:fall_one_cm":2117}},"DataVersion":3465}