{"stats":{"minecraft:custom":{"minecraft:inspect_dropper":6,"minecraft:mob_kills":96,"minecraft:interact_with_crafting_table":45,"minecraft:open_barrel":2,"minecraft:damage_dealt_resisted":187,"minecraft:leave_game":8,"minecraft:time_since_death":40714,"minecraft:climb_one_cm":45565,"minecraft:sprint_one_cm":515601,"minecraft:walk_one_cm":474403,"minecraft:damage_blocked_by_shield":2105,"minecraft:drop":150,"minecraft:play_time":204223,"minecraft:deaths":12,"minecraft:sneak_time":5799,"minecraft:walk_under_water_one_cm":42386,"minecraft:jump":3919,"minecraft:walk_on_water_one_cm":64094,"minecraft:total_world_time":204223,"minecraft:interact_with_furnace":47,"minecraft:sleep_in_bed":1,"minecraft:time_since_rest":4663,"minecraft:damage_taken":8529,"minecraft:trigger_trapped_chest":1,"minecraft:damage_dealt":18004,"minecraft:swim_one_cm":148764,"minecraft:fly_one_cm":738501,"minecraft:open_chest":37,"minecraft:crouch_one_cm":11836,"tombstone:undead_killed":33,"minecraft:inspect_dispenser":3,"minecraft:fall_one_cm":84496},"minecraft:picked_up":{"minecraft:cocoa_beans":3,"minecraft:crafting_table":2,"minecraft:coarse_dirt":2,"iceandfire:copper_sword":1,"minecraft:chicken":4,"minecraft:stone_brick_stairs":1,"minecraft:string":10,"minecraft:raw_copper":195,"born_in_chaos_v1:intoxicating_decoction":1,"ecologics:walnut_sapling":1,"alexsmobs:banana":1,"minecraft:smooth_stone":6,"minecraft:beef":1,"born_in_chaos_v1:gnawed_bones":1,"minecraft:jungle_sapling":2,"minecraft:egg":2,"minecraft:melon_slice":556,"minecraft:sugar_cane":2,"ecologics:crab_claw":1,"alexsmobs:leafcutter_ant_chamber":4,"minecraft:stick":54,"minecraft:raw_iron":4,"born_in_chaos_v1:shattered_skull":2,"ecologics:coconut_slice":13,"iceandfire:armor_copper_metal_leggings":1,"minecraft:copper_ingot":12,"minecraft:torch":33,"minecraft:porkchop":11,"iceandfire:crackled_gravel":1,"born_in_chaos_v1:nightmare_claw":1,"tombstone:grave_dust":10,"iceandfire:armor_copper_metal_boots":1,"born_in_chaos_v1:pieceofdarkmetal":10,"alexsmobs:leafcutter_ant_pupa":1,"minecraft:light_gray_bed":1,"minecraft:arrow":2,"minecraft:rotten_flesh":29,"ecologics:walnut_leaves":27,"minecraft:mutton":8,"minecraft:white_wool":4,"minecraft:cobblestone":1361,"born_in_chaos_v1:fused_bone":3,"born_in_chaos_v1:corpse_maggot":6,"minecraft:magma_block":2,"minecraft:feather":9,"born_in_chaos_v1:monster_flesh":2,"minecraft:jungle_log":22,"minecraft:brown_wool":1,"minecraft:leather":1,"minecraft:oak_log":17,"undead_revamp2:huntereye":1,"minecraft:golden_boots":1,"minecraft:gunpowder":2,"minecraft:dirt":73,"born_in_chaos_v1:monster_skin":3,"minecraft:bone":24,"minecraft:wheat_seeds":15,"minecraft:iron_ingot":2,"minecraft:bamboo":231,"minecraft:mossy_stone_brick_stairs":2,"luminousworld:creepberries":20,"born_in_chaos_v1:ethereal_spirit":2,"minecraft:jungle_planks":2,"minecraft:sand":3,"minecraft:mossy_cobblestone":6,"minecraft:bundle":5,"minecraft:slime_ball":4,"stalwart_dungeons:stone_hammer":1,"iceandfire:silver_sword":1,"minecraft:chainmail_leggings":1,"minecraft:mossy_cobblestone_stairs":1,"tombstone:magic_scroll":2,"minecraft:oak_sapling":2,"minecraft:netherrack":28,"minecraft:coal":135,"iceandfire:raw_silver":9},"minecraft:used":{"ecologics:crab_claw":50,"iceandfire:silver_sword":258,"iceandfire:armor_copper_metal_leggings":1,"born_in_chaos_v1:ethereal_spirit":1,"minecraft:shield":33,"vanillaplustools:stone_hammer":192,"minecraft:torch":24,"iceandfire:armor_copper_metal_boots":1,"minecraft:dirt":1,"minecraft:jungle_planks":26,"minecraft:wooden_axe":21,"iceandfire:copper_axe":11,"undead_revamp2:huntereye":1,"minecraft:bamboo":1,"minecraft:magma_block":1,"minecraft:furnace":8,"alexsmobs:banana":1,"tombstone:gift":2,"minecraft:light_gray_bed":1,"minecraft:bundle":2,"minecraft:stone_pickaxe":133,"minecraft:oak_planks":7,"minecraft:wooden_pickaxe":16,"ecologics:walnut_sapling":1,"minecraft:crafting_table":5,"alexsmobs:leafcutter_ant_pupa":1,"luminousworld:creepberries":3,"iceandfire:armor_copper_metal_chestplate":1,"minecraft:melon_slice":232,"minecraft:stone_axe":161,"stalwart_dungeons:stone_hammer":80,"ecologics:coconut_slice":5,"minecraft:wooden_sword":18,"minecraft:cobblestone":86,"alexsmobs:animal_dictionary":3,"minecraft:coarse_dirt":2},"minecraft:killed":{"undead_revamp2:theimmortal":4,"alexsmobs:tiger":1,"minecraft:spider":3,"luminousworld:sunken_skeleton":3,"enemyexpansion:direwolf":1,"born_in_chaos_v1:siamese_skeletonsright":1,"born_in_chaos_v1:zombie_bruiser":3,"born_in_chaos_v1:maggot":7,"born_in_chaos_v1:baby_skeleton_minion":2,"minecraft:skeleton":1,"alexsmobs:leafcutter_ant":2,"minecraft:chicken":4,"alexsmobs:capuchin_monkey":4,"minecraft:silverfish":2,"ecologics:coconut_crab":1,"born_in_chaos_v1:skeleton_thrasher":1,"undead_revamp2:thebidy":3,"undead_revamp2:therod":1,"undead_revamp2:thehorrors":1,"undead_revamp2:thepregnant":1,"undead_revamp2:sucker":1,"minecraft:husk":1,"born_in_chaos_v1:bonescaller":1,"minecraft:pig":5,"undead_revamp2:the_moonflower":1,"born_in_chaos_v1:decrepit_skeleton":2,"minecraft:sheep":6,"undead_revamp2:thebidyupside":1,"minecraft:zombie":6,"iceandfire:ghost":1,"born_in_chaos_v1:dread_hound":3,"born_in_chaos_v1:corpse_fly":2,"enemyexpansion:botfly":6,"born_in_chaos_v1:nightmare_stalker":1,"born_in_chaos_v1:siamese_skeletonsleft":1,"enemyexpansion:slugger":1,"minecraft:cow":1},"minecraft:dropped":{"born_in_chaos_v1:intoxicating_decoction":1,"minecraft:wheat_seeds":9,"ecologics:coconut_slice":7,"iceandfire:armor_copper_metal_chestplate":2,"minecraft:feather":1,"minecraft:cobblestone":70,"luminousworld:creepberries":17,"minecraft:jungle_planks":1,"minecraft:copper_ingot":10,"minecraft:stick":62,"minecraft:flint":1,"minecraft:dirt":33,"tombstone:magic_scroll":1,"iceandfire:silver_sword":3,"minecraft:melon_slice":40,"minecraft:brown_wool":1,"iceandfire:armor_copper_metal_boots":3,"tombstone:grave_dust":4,"minecraft:jungle_sapling":2,"minecraft:wooden_sword":1,"minecraft:sand":3,"minecraft:string":2,"stalwart_dungeons:stone_hammer":1,"minecraft:raw_copper":34,"minecraft:cocoa_beans":3,"minecraft:rotten_flesh":11,"minecraft:oak_planks":20,"iceandfire:armor_copper_metal_helmet":2,"iceandfire:crackled_gravel":1,"minecraft:shield":1,"iceandfire:copper_sword":1,"minecraft:bundle":2,"ecologics:walnut_leaves":27,"born_in_chaos_v1:corpse_maggot":1,"ecologics:coconut_husk":5,"minecraft:bamboo":16,"minecraft:wooden_pickaxe":2,"iceandfire:armor_copper_metal_leggings":3,"minecraft:netherrack":28},"minecraft:killed_by":{"minecraft:husk":1,"minecraft:player":1,"enemyexpansion:slugger":2,"alexsmobs:tiger":2,"enemyexpansion:direwolf":1,"illagerinvasion:marauder":1,"creeperoverhaul:jungle_creeper":1,"undead_revamp2:thepregnant":1,"mowziesmobs:foliaath":1},"minecraft:mined":{"iceandfire:silver_ore":10,"minecraft:mossy_cobblestone":7,"alexsmobs:leafcutter_anthill":1,"minecraft:jungle_leaves":54,"minecraft:grass_block":7,"minecraft:infested_cobblestone":2,"minecraft:jungle_planks":2,"minecraft:jungle_log":21,"minecraft:light_gray_bed":1,"alexsmobs:leafcutter_ant_chamber":5,"minecraft:chiseled_stone_bricks":1,"minecraft:magma_block":9,"minecraft:mossy_cobblestone_stairs":1,"minecraft:iron_ore":4,"minecraft:fire":7,"minecraft:mossy_stone_brick_stairs":2,"minecraft:vine":14,"minecraft:bamboo":15,"minecraft:stone":1365,"luminousworld:creepbush":21,"minecraft:podzol":1,"minecraft:crafting_table":3,"minecraft:torch":1,"minecraft:melon":113,"ecologics:walnut_leaves":50,"minecraft:copper_ore":43,"minecraft:cobblestone":29,"minecraft:lapis_ore":1,"minecraft:sugar_cane":1,"minecraft:coarse_dirt":1,"minecraft:stone_brick_stairs":1,"minecraft:grass":102,"minecraft:oak_log":16,"minecraft:coal_ore":136,"minecraft:sand":3,"minecraft:dirt":17,"minecraft:cobweb":4,"minecraft:netherrack":59,"minecraft:oak_leaves":11,"minecraft:fern":36},"minecraft:crafted":{"minecraft:wooden_sword":2,"minecraft:smooth_stone":3,"minecraft:oak_planks":68,"vanillaplustools:stone_hammer":2,"minecraft:furnace":8,"iceandfire:armor_copper_metal_leggings":3,"minecraft:stone":9,"minecraft:cooked_mutton":4,"iceandfire:armor_copper_metal_boots":3,"iceandfire:armor_copper_metal_helmet":3,"iceandfire:copper_axe":2,"minecraft:stone_pickaxe":20,"iceandfire:armor_copper_metal_chestplate":3,"iceandfire:silver_ingot":6,"minecraft:crafting_table":3,"minecraft:wooden_pickaxe":3,"minecraft:copper_ingot":131,"born_in_chaos_v1:bone_heart":1,"minecraft:stone_axe":2,"minecraft:air":0,"minecraft:jungle_planks":84,"minecraft:shield":2,"minecraft:stick":135,"minecraft:wooden_axe":1,"stalwart_dungeons:stone_hammer":2,"iceandfire:silver_sword":3},"minecraft:broken":{"stalwart_dungeons:stone_hammer":1,"ecologics:crab_claw":1,"minecraft:stone_pickaxe":1,"vanillaplustools:stone_hammer":1,"minecraft:stone_axe":1,"iceandfire:armor_copper_metal_chestplate":1,"iceandfire:armor_copper_metal_boots":1,"iceandfire:armor_copper_metal_helmet":1}},"DataVersion":3465}