{"stats":{"minecraft:picked_up":{"minecraft:cocoa_beans":3,"minecraft:feather":1,"minecraft:chicken":1,"minecraft:jungle_log":5,"minecraft:brown_wool":1,"minecraft:oak_log":12,"minecraft:string":2,"minecraft:raw_copper":47,"minecraft:wheat_seeds":4,"minecraft:jungle_sapling":1,"minecraft:bamboo":12,"minecraft:melon_slice":91,"minecraft:raw_iron":4,"minecraft:torch":32,"tombstone:grave_dust":2,"minecraft:rotten_flesh":1,"minecraft:mutton":6,"minecraft:coal":49,"minecraft:white_wool":2,"iceandfire:raw_silver":5,"minecraft:cobblestone":882},"minecraft:dropped":{"minecraft:wheat_seeds":3,"minecraft:cocoa_beans":3,"minecraft:cobblestone":64,"minecraft:oak_planks":13,"minecraft:jungle_planks":1,"minecraft:stick":12,"iceandfire:silver_sword":1,"minecraft:melon_slice":17,"minecraft:brown_wool":1,"minecraft:bamboo":9,"minecraft:jungle_sapling":1,"minecraft:wooden_sword":1,"minecraft:wooden_pickaxe":1},"minecraft:mined":{"iceandfire:silver_ore":6,"minecraft:crafting_table":1,"minecraft:melon":17,"minecraft:jungle_log":5,"minecraft:copper_ore":13,"minecraft:cobblestone":1,"minecraft:lapis_ore":1,"minecraft:iron_ore":4,"minecraft:grass":8,"minecraft:oak_log":12,"minecraft:coal_ore":49,"minecraft:vine":1,"minecraft:bamboo":4,"minecraft:stone":890,"minecraft:oak_leaves":2,"minecraft:fern":6},"minecraft:crafted":{"minecraft:wooden_sword":2,"minecraft:smooth_stone":3,"minecraft:oak_planks":48,"vanillaplustools:stone_hammer":1,"iceandfire:silver_ingot":6,"minecraft:crafting_table":2,"minecraft:wooden_pickaxe":2,"minecraft:furnace":8,"minecraft:copper_ingot":7,"minecraft:stone":9,"minecraft:air":0,"minecraft:jungle_planks":20,"minecraft:stick":52,"minecraft:stone_pickaxe":10,"minecraft:wooden_axe":1,"iceandfire:silver_sword":2},"minecraft:killed":{"minecraft:spider":2,"minecraft:sheep":4,"minecraft:chicken":1,"undead_revamp2:sucker":1},"minecraft:used":{"minecraft:stone_pickaxe":46,"minecraft:wooden_pickaxe":15,"vanillaplustools:stone_hammer":104,"minecraft:crafting_table":2,"minecraft:wooden_axe":21,"minecraft:melon_slice":20,"minecraft:bamboo":1,"minecraft:wooden_sword":18,"minecraft:cobblestone":13,"minecraft:furnace":8,"alexsmobs:animal_dictionary":1},"minecraft:custom":{"minecraft:interact_with_furnace":17,"minecraft:mob_kills":8,"minecraft:interact_with_crafting_table":13,"minecraft:damage_dealt_resisted":24,"minecraft:leave_game":1,"minecraft:time_since_death":28190,"minecraft:climb_one_cm":2026,"minecraft:time_since_rest":28190,"minecraft:sprint_one_cm":29838,"minecraft:damage_taken":420,"minecraft:walk_one_cm":78440,"minecraft:drop":24,"minecraft:damage_dealt":860,"minecraft:swim_one_cm":5908,"minecraft:fly_one_cm":21691,"minecraft:crouch_one_cm":74,"minecraft:play_time":28190,"tombstone:undead_killed":1,"minecraft:sneak_time":104,"minecraft:walk_under_water_one_cm":328,"minecraft:jump":187,"minecraft:walk_on_water_one_cm":939,"minecraft:total_world_time":28190,"minecraft:fall_one_cm":3280}},"DataVersion":3465}