{"stats":{"minecraft:dropped":{"ecologics:coconut_slice":8,"minecraft:jungle_planks":1,"born_in_chaos_v1:pieceofdarkmetal":7,"born_in_chaos_v1:nightmare_claw":2,"minecraft:flint":1,"minecraft:emerald":19,"born_in_chaos_v1:monster_flesh":2,"minecraft:dirt":33,"born_in_chaos_v1:monster_skin":3,"tombstone:scroll_of_true_sight":1,"iceandfire:armor_copper_metal_boots":3,"minecraft:jungle_sapling":2,"minecraft:chain":4,"minecraft:wooden_sword":1,"minecraft:amethyst_shard":6,"minecraft:sand":3,"minecraft:white_wool":2,"minecraft:bone":40,"alexscaves:cave_tablet":2,"born_in_chaos_v1:ethereal_spirit":1,"endrem:rogue_eye":2,"minecraft:rotten_flesh":11,"minecraft:oak_planks":20,"iceandfire:crackled_gravel":1,"minecraft:tipped_arrow":6,"born_in_chaos_v1:corpse_maggot":1,"ecologics:coconut_husk":5,"quark:smithing_template_rune":1,"minecraft:arrow":12,"iceandfire:armor_copper_metal_leggings":3,"minecraft:netherrack":28,"minecraft:egg":2,"born_in_chaos_v1:intoxicating_decoction":1,"minecraft:wheat_seeds":9,"born_in_chaos_v1:shattered_skull":1,"iceandfire:armor_copper_metal_chestplate":2,"minecraft:feather":5,"minecraft:cobblestone":70,"luminousworld:creepberries":17,"minecraft:copper_ingot":30,"minecraft:stick":62,"born_in_chaos_v1:gnawed_bones":1,"tombstone:magic_scroll":3,"iceandfire:silver_sword":3,"minecraft:melon_slice":40,"minecraft:brown_wool":1,"born_in_chaos_v1:fused_bone":4,"tombstone:grave_dust":12,"stalwart_dungeons:stone_hammer":1,"minecraft:string":2,"minecraft:raw_copper":102,"minecraft:wild_armor_trim_smithing_template":2,"minecraft:cocoa_beans":3,"minecraft:sticky_piston":7,"supplementaries:bomb":2,"iceandfire:armor_copper_metal_helmet":2,"minecraft:cobblestone_slab":2,"minecraft:shield":1,"iceandfire:copper_sword":1,"ecologics:walnut_leaves":27,"minecraft:bundle":3,"minecraft:stone_pressure_plate":3,"minecraft:bamboo":16,"minecraft:slime_ball":8,"minecraft:wooden_pickaxe":2,"minecraft:magma_block":1},"minecraft:crafted":{"minecraft:smooth_stone":3,"minecraft:oak_planks":68,"minecraft:cobblestone_slab":6,"minecraft:stone":64,"minecraft:cooked_mutton":6,"iceandfire:armor_copper_metal_boots":3,"iceandfire:copper_axe":2,"iceandfire:armor_copper_metal_chestplate":3,"minecraft:crafting_table":4,"minecraft:wooden_pickaxe":3,"minecraft:copper_ingot":148,"minecraft:shield":2,"minecraft:stick":135,"iceandfire:silver_sword":3,"minecraft:wooden_sword":2,"vanillaplustools:stone_hammer":2,"quark:jungle_chest":21,"minecraft:furnace":8,"iceandfire:armor_copper_metal_leggings":3,"iceandfire:armor_copper_metal_helmet":3,"minecraft:stone_pickaxe":20,"iceandfire:silver_ingot":6,"born_in_chaos_v1:bone_heart":1,"minecraft:stone_axe":2,"minecraft:air":0,"minecraft:jungle_planks":240,"minecraft:white_wool":1,"minecraft:wooden_axe":1,"minecraft:white_bed":1,"stalwart_dungeons:stone_hammer":2,"minecraft:torch":48},"minecraft:broken":{"stalwart_dungeons:stone_hammer":1,"minecraft:stone_pickaxe":1,"minecraft:stone_axe":1,"iceandfire:armor_copper_metal_helmet":1,"minecraft:chainmail_leggings":1,"ecologics:crab_claw":1,"vanillaplustools:stone_hammer":1,"iceandfire:armor_copper_metal_chestplate":1,"iceandfire:armor_copper_metal_boots":1},"minecraft:killed":{"minecraft:spider":3,"born_in_chaos_v1:siamese_skeletonsright":1,"born_in_chaos_v1:baby_skeleton_minion":2,"minecraft:skeleton":1,"alexsmobs:leafcutter_ant":2,"minecraft:chicken":4,"alexsmobs:capuchin_monkey":4,"born_in_chaos_v1:skeleton_thrasher":1,"ecologics:coconut_crab":1,"minecraft:silverfish":10,"undead_revamp2:therod":1,"undead_revamp2:thepregnant":1,"born_in_chaos_v1:bonescaller":1,"minecraft:pig":6,"minecraft:sheep":6,"undead_revamp2:thebidyupside":1,"minecraft:zombie":6,"born_in_chaos_v1:dread_hound":3,"born_in_chaos_v1:corpse_fly":2,"enemyexpansion:botfly":6,"born_in_chaos_v1:siamese_skeletonsleft":1,"minecraft:cow":1,"undead_revamp2:theimmortal":4,"alexsmobs:tiger":1,"luminousworld:sunken_skeleton":3,"enemyexpansion:direwolf":2,"born_in_chaos_v1:zombie_bruiser":3,"born_in_chaos_v1:maggot":7,"undead_revamp2:thebidy":3,"undead_revamp2:thehorrors":1,"undead_revamp2:sucker":1,"minecraft:husk":1,"undead_revamp2:the_moonflower":1,"born_in_chaos_v1:decrepit_skeleton":2,"iceandfire:ghost":1,"born_in_chaos_v1:nightmare_stalker":1,"enemyexpansion:slugger":1},"minecraft:used":{"minecraft:shield":33,"minecraft:jungle_planks":27,"minecraft:magma_block":1,"minecraft:furnace":8,"minecraft:stone_pickaxe":208,"minecraft:oak_planks":7,"minecraft:wooden_pickaxe":16,"minecraft:stone_brick_wall":1,"luminousworld:creepberries":3,"iceandfire:armor_copper_metal_chestplate":1,"minecraft:melon_slice":274,"ecologics:coconut_slice":5,"minecraft:wooden_sword":18,"minecraft:coarse_dirt":2,"ecologics:crab_claw":50,"iceandfire:silver_sword":295,"iceandfire:armor_copper_metal_leggings":1,"born_in_chaos_v1:ethereal_spirit":1,"quark:jungle_chest":24,"vanillaplustools:stone_hammer":197,"minecraft:torch":60,"iceandfire:armor_copper_metal_boots":1,"minecraft:dirt":1,"minecraft:cobblestone_wall":1,"minecraft:wooden_axe":21,"iceandfire:copper_axe":11,"undead_revamp2:huntereye":1,"minecraft:bamboo":1,"alexsmobs:banana":1,"tombstone:gift":3,"minecraft:trapped_chest":1,"minecraft:light_gray_bed":4,"minecraft:bundle":6,"ecologics:walnut_sapling":1,"minecraft:cobblestone_slab":11,"minecraft:crafting_table":6,"minecraft:white_bed":1,"alexsmobs:leafcutter_ant_pupa":1,"minecraft:stone_axe":181,"stalwart_dungeons:stone_hammer":80,"minecraft:cobblestone":122,"alexsmobs:animal_dictionary":3},"minecraft:picked_up":{"iceandfire:copper_sword":2,"iceandfire:armor_copper_metal_chestplate":1,"alexscaves:cave_tablet":4,"minecraft:stone_brick_stairs":1,"minecraft:string":20,"minecraft:raw_copper":297,"alexsmobs:ancient_dart":2,"minecraft:sticky_piston":29,"alexsmobs:banana":1,"minecraft:smooth_stone":6,"minecraft:cobblestone_slab":7,"minecraft:melon_slice":678,"ecologics:crab_claw":1,"alexsmobs:leafcutter_ant_chamber":4,"minecraft:tipped_arrow":12,"minecraft:stick":54,"born_in_chaos_v1:shattered_skull":4,"iceandfire:armor_copper_metal_leggings":3,"minecraft:torch":37,"supplementaries:bamboo_spikes_tipped":1,"minecraft:porkchop":23,"iceandfire:crackled_gravel":1,"born_in_chaos_v1:nightmare_claw":4,"tombstone:grave_dust":22,"minecraft:diorite":6,"minecraft:light_gray_bed":4,"minecraft:rotten_flesh":41,"ecologics:walnut_leaves":27,"endrem:rogue_eye":4,"minecraft:cobblestone":1458,"minecraft:magma_block":2,"minecraft:feather":17,"minecraft:jungle_log":22,"minecraft:water_bucket":2,"minecraft:andesite":55,"minecraft:brown_wool":1,"undead_revamp2:huntereye":1,"minecraft:dirt":73,"born_in_chaos_v1:monster_skin":9,"minecraft:bone":104,"minecraft:wheat_seeds":15,"minecraft:mossy_stone_bricks":1,"minecraft:bamboo":231,"minecraft:mossy_stone_brick_stairs":2,"luminousworld:creepberries":20,"minecraft:jungle_planks":16,"minecraft:sand":3,"minecraft:trapped_chest":2,"minecraft:mossy_cobblestone":11,"minecraft:bundle":7,"stalwart_dungeons:stone_hammer":1,"minecraft:emerald":57,"minecraft:oak_sapling":2,"minecraft:netherrack":28,"iceandfire:raw_silver":10,"minecraft:cocoa_beans":3,"minecraft:crafting_table":4,"minecraft:coarse_dirt":2,"minecraft:chicken":6,"minecraft:stone_brick_wall":1,"minecraft:chain":8,"born_in_chaos_v1:intoxicating_decoction":1,"ecologics:walnut_sapling":1,"supplementaries:bomb":4,"minecraft:beef":1,"born_in_chaos_v1:gnawed_bones":3,"minecraft:jungle_sapling":2,"minecraft:sugar_cane":2,"minecraft:egg":6,"minecraft:raw_iron":4,"ecologics:coconut_slice":15,"minecraft:copper_ingot":59,"quark:jungle_chest":3,"iceandfire:armor_copper_metal_boots":1,"born_in_chaos_v1:pieceofdarkmetal":24,"alexsmobs:leafcutter_ant_pupa":1,"minecraft:stone_pressure_plate":3,"minecraft:arrow":26,"minecraft:saddle":1,"minecraft:gold_ingot":49,"minecraft:mutton":10,"minecraft:white_wool":9,"born_in_chaos_v1:fused_bone":9,"born_in_chaos_v1:corpse_maggot":6,"born_in_chaos_v1:monster_flesh":6,"minecraft:leather":1,"quark:smithing_template_rune":2,"minecraft:oak_log":17,"minecraft:golden_boots":1,"minecraft:gunpowder":2,"minecraft:cobblestone_wall":1,"minecraft:wild_armor_trim_smithing_template":4,"minecraft:iron_ingot":13,"born_in_chaos_v1:ethereal_spirit":4,"minecraft:amethyst_shard":9,"tombstone:scroll_of_true_sight":3,"minecraft:slime_ball":16,"iceandfire:silver_sword":1,"minecraft:chainmail_leggings":1,"minecraft:mossy_cobblestone_stairs":1,"tombstone:magic_scroll":5,"minecraft:coal":223},"minecraft:killed_by":{"enemyexpansion:slugger":2,"creeperoverhaul:jungle_creeper":1,"undead_revamp2:thepregnant":1,"minecraft:husk":1,"minecraft:player":1,"undead_revamp2:thespitter":1,"alexsmobs:tiger":2,"enemyexpansion:direwolf":1,"illagerinvasion:marauder":1,"mowziesmobs:foliaath":2},"minecraft:custom":{"minecraft:interact_with_crafting_table":52,"minecraft:open_barrel":3,"minecraft:leave_game":9,"minecraft:time_since_death":3996,"minecraft:sprint_one_cm":653114,"minecraft:damage_blocked_by_shield":2105,"minecraft:drop":198,"minecraft:play_time":253461,"minecraft:deaths":14,"minecraft:jump":4444,"minecraft:walk_on_water_one_cm":67245,"minecraft:interact_with_furnace":74,"minecraft:sleep_in_bed":3,"minecraft:damage_dealt":19141,"minecraft:crouch_one_cm":15960,"tombstone:undead_killed":33,"minecraft:inspect_dispenser":11,"minecraft:inspect_dropper":7,"minecraft:mob_kills":106,"minecraft:inspect_hopper":1,"minecraft:damage_dealt_resisted":187,"minecraft:climb_one_cm":52991,"minecraft:walk_one_cm":603653,"minecraft:sneak_time":8153,"minecraft:walk_under_water_one_cm":43597,"minecraft:total_world_time":253461,"minecraft:time_since_rest":1602,"minecraft:damage_taken":9632,"minecraft:trigger_trapped_chest":2,"minecraft:swim_one_cm":162926,"minecraft:fly_one_cm":842123,"minecraft:open_chest":188,"minecraft:fall_one_cm":94895},"minecraft:mined":{"minecraft:stone_pressure_plate":4,"alexsmobs:leafcutter_anthill":1,"minecraft:jungle_leaves":54,"minecraft:grass_block":7,"minecraft:stone_brick_wall":1,"minecraft:infested_cobblestone":24,"minecraft:jungle_log":21,"minecraft:light_gray_bed":4,"minecraft:chiseled_stone_bricks":1,"minecraft:magma_block":9,"minecraft:mossy_cobblestone_stairs":1,"minecraft:sticky_piston":5,"minecraft:iron_ore":4,"minecraft:fire":7,"minecraft:tripwire":7,"luminousworld:creepbush":21,"minecraft:piston_head":7,"minecraft:torch":3,"minecraft:melon":125,"minecraft:cobblestone":52,"minecraft:sugar_cane":1,"minecraft:wall_torch":2,"minecraft:stone_brick_stairs":1,"minecraft:grass":108,"minecraft:infested_mossy_stone_bricks":1,"minecraft:oak_log":16,"minecraft:sand":3,"minecraft:dirt":17,"minecraft:dispenser":1,"minecraft:netherrack":59,"minecraft:oak_leaves":11,"iceandfire:silver_ore":11,"minecraft:mossy_cobblestone":14,"minecraft:jungle_planks":3,"alexsmobs:leafcutter_ant_chamber":5,"quark:jungle_chest":3,"minecraft:mossy_stone_brick_stairs":2,"minecraft:cobblestone_slab":8,"minecraft:vine":14,"minecraft:bamboo":15,"minecraft:stone":1401,"minecraft:redstone_wall_torch":1,"minecraft:podzol":1,"minecraft:hanging_roots":2,"minecraft:crafting_table":4,"ecologics:walnut_leaves":50,"minecraft:copper_ore":43,"minecraft:lapis_ore":1,"minecraft:coarse_dirt":1,"minecraft:trapped_chest":2,"minecraft:cobblestone_wall":1,"minecraft:coal_ore":136,"minecraft:cobweb":4,"minecraft:mossy_stone_bricks":1,"minecraft:fern":37}},"DataVersion":3465}