{"stats":{"minecraft:picked_up":{"iceandfire:copper_sword":2,"minecraft:flower_pot":1,"minecraft:smithing_table":1,"minecraft:enchanted_book":1,"minecraft:polished_deepslate":1,"iceandfire:manuscript":38,"minecraft:string":28,"minecraft:soul_soil":1,"minecraft:beetroot":1,"minecraft:gold_nugget":465,"minecraft:cobbled_deepslate":2,"minecraft:black_glazed_terracotta":8,"minecraft:spruce_planks":3,"minecraft:melon_slice":836,"minecraft:coal_block":3,"ecologics:crab_claw":1,"minecraft:golden_helmet":1,"born_in_chaos_v1:shattered_skull":4,"minecraft:brown_carpet":10,"luminousworld:grassflowers":2,"minecraft:light_gray_bed":4,"minecraft:carved_pumpkin":2,"minecraft:cyan_terracotta":9,"supplementaries:ash":20,"endrem:rogue_eye":4,"minecraft:iron_bars":1,"minecraft:magma_block":2,"minecraft:oxidized_copper":2,"minecraft:feather":19,"minecraft:water_bucket":3,"minecraft:jungle_log":211,"minecraft:brown_wool":1,"minecraft:flint":5,"minecraft:moss_block":9,"luminousworld:creepberries":24,"minecraft:stripped_acacia_wood":24,"minecraft:acacia_stairs":1,"minecraft:trapped_chest":2,"minecraft:bundle":10,"stalwart_dungeons:stone_hammer":1,"iceandfire:lectern":2,"minecraft:granite":66,"minecraft:bread":9,"minecraft:light_gray_carpet":2,"minecraft:crafting_table":5,"iceandfire:raw_silver":23,"iceandfire:dragon_skull_lightning":1,"luminousworld:groundpebbles_1":6,"minecraft:coarse_dirt":15,"iceandfire:witherbone":17,"minecraft:clay_ball":223,"born_in_chaos_v1:seedof_chaos":1,"born_in_chaos_v1:intoxicating_decoction":2,"supplementaries:bomb":4,"iceandfire:bestiary":4,"minecraft:beef":1,"born_in_chaos_v1:gnawed_bones":4,"minecraft:jungle_sapling":9,"minecraft:egg":6,"quark:jungle_chest":3,"born_in_chaos_v1:pieceofdarkmetal":28,"iceandfire:armor_copper_metal_boots":1,"minecraft:carrot":1,"quark:acacia_chest":1,"minecraft:hay_block":62,"minecraft:yellow_terracotta":3,"tombstone:essence_of_undeath":1,"minecraft:gold_ingot":66,"sophisticatedbackpacks:copper_backpack":2,"minecraft:mutton":13,"minecraft:glow_berries":1,"minecraft:white_wool":9,"born_in_chaos_v1:monster_flesh":8,"minecraft:tripwire_hook":1,"luminousworld:ishstone":29,"minecraft:oak_log":19,"minecraft:golden_boots":1,"iceandfire:pixie_house_mushroom_red":1,"iceandfire:pixie_jar_empty":4,"mowziesmobs:foliaath_seed":2,"minecraft:light_gray_glazed_terracotta":8,"minecraft:wild_armor_trim_smithing_template":4,"minecraft:iron_sword":8,"minecraft:smooth_basalt":14,"enemyexpansion:phantom_eye":1,"born_in_chaos_v1:ethereal_spirit":5,"minecraft:gravel":40,"minecraft:birch_stairs":2,"minecraft:spruce_sapling":1,"minecraft:leather_helmet":1,"tombstone:scroll_of_true_sight":3,"minecraft:slime_ball":38,"minecraft:stone_axe":1,"minecraft:purple_glazed_terracotta":352,"iceandfire:silver_sword":1,"minecraft:scute":1,"minecraft:gray_wool":1,"minecraft:melon_seeds":3,"minecraft:wheat":7,"supplementaries:bomb_blue":1,"aether:iron_gloves":1,"iceandfire:armor_copper_metal_chestplate":1,"alexscaves:cave_tablet":4,"minecraft:potion":1,"minecraft:stone_brick_stairs":1,"born_in_chaos_v1:black_argillite":33,"minecraft:raw_copper":343,"alexsmobs:ancient_dart":2,"minecraft:smooth_stone_slab":2,"minecraft:armor_stand":1,"minecraft:iron_leggings":1,"minecraft:sticky_piston":29,"minecraft:experience_bottle":3,"alexsmobs:banana":4,"minecraft:smooth_stone":6,"minecraft:bucket":4,"minecraft:cobblestone_slab":7,"minecraft:calcite":3,"minecraft:iron_boots":1,"alexsmobs:leafcutter_ant_chamber":5,"minecraft:tipped_arrow":15,"iceandfire:pixie_dust":2,"minecraft:stick":73,"ecologics:walnut_log":1,"iceandfire:armor_copper_metal_leggings":3,"minecraft:oak_fence":1,"minecraft:torch":67,"supplementaries:bamboo_spikes_tipped":1,"minecraft:porkchop":75,"minecraft:target":2,"iceandfire:crackled_gravel":1,"minecraft:diorite":241,"aether:golden_gloves":1,"tombstone:grave_dust":31,"born_in_chaos_v1:nightmare_claw":4,"minecraft:rotten_flesh":81,"supplementaries:antique_ink":2,"ecologics:walnut_leaves":27,"minecraft:cobblestone":3037,"minecraft:andesite":137,"minecraft:golden_leggings":1,"undead_revamp2:huntereye":1,"minecraft:wither_skeleton_skull":2,"minecraft:lapis_lazuli":1,"minecraft:dirt":632,"minecraft:cut_sandstone_slab":20,"born_in_chaos_v1:monster_skin":12,"minecraft:bone":186,"minecraft:acacia_planks":5,"minecraft:bow":2,"minecraft:wheat_seeds":53,"minecraft:raw_gold":1,"minecraft:bell":2,"minecraft:mossy_stone_bricks":1,"minecraft:bamboo":924,"minecraft:mossy_stone_brick_stairs":2,"minecraft:lime_glazed_terracotta":8,"minecraft:cooked_porkchop":3,"iceandfire:podium_spruce":1,"iceandfire:pixie_house_birch":1,"minecraft:sand":9,"minecraft:jungle_planks":16,"minecraft:dead_bush":1,"minecraft:mossy_cobblestone":12,"minecraft:dark_prismarine":22,"minecraft:soul_lantern":1,"minecraft:crossbow":1,"minecraft:emerald":59,"minecraft:oak_sapling":8,"minecraft:netherrack":28,"minecraft:cocoa_beans":3,"undead_revamp2:bostroxingot":9,"minecraft:azure_bluet":1,"minecraft:chicken":6,"minecraft:stone_brick_wall":2,"minecraft:chain":8,"minecraft:moss_carpet":8,"minecraft:item_frame":16,"ecologics:walnut_sapling":1,"minecraft:player_head":2,"minecraft:sugar_cane":73,"iceandfire:podium_acacia":3,"minecraft:phantom_membrane":1,"minecraft:raw_iron":30,"iceandfire:dragonbone":9,"minecraft:stripped_mangrove_wood":3,"ecologics:coconut_slice":15,"minecraft:copper_ingot":59,"minecraft:note_block":5,"minecraft:stone_button":5,"alexsmobs:leafcutter_ant_pupa":4,"minecraft:stone_pressure_plate":4,"minecraft:dark_oak_planks":4,"minecraft:arrow":52,"iceandfire:chared_dirt":1,"minecraft:stripped_dark_oak_wood":2,"minecraft:saddle":2,"born_in_chaos_v1:fused_bone":11,"born_in_chaos_v1:corpse_maggot":20,"minecraft:netherite_boots":1,"minecraft:leather":8,"minecraft:birch_planks":21,"quark:smithing_template_rune":2,"minecraft:chainmail_chestplate":1,"minecraft:yellow_glazed_terracotta":8,"iceandfire:ectoplasm":2,"minecraft:yellow_bed":3,"minecraft:gunpowder":8,"minecraft:cobblestone_wall":1,"minecraft:cooked_mutton":1,"minecraft:rabbit_hide":6,"minecraft:iron_ingot":20,"luminousworld:white_petunias":1,"minecraft:acacia_sapling":2,"minecraft:book":34,"minecraft:scaffolding":6,"friendsandfoes:oxidized_lightning_rod":2,"minecraft:amethyst_shard":9,"minecraft:blast_furnace":3,"quark:oak_chest":1,"undead_revamp2:rawbostrox":8,"minecraft:chainmail_leggings":1,"vanillaplustools:stone_hammer":1,"minecraft:mossy_cobblestone_stairs":1,"minecraft:acacia_slab":1,"tombstone:magic_scroll":7,"minecraft:damaged_anvil":3,"minecraft:black_wool":1,"minecraft:coal":275},"minecraft:dropped":{"minecraft:clay":2,"minecraft:acacia_wood":1,"minecraft:iron_sword":2,"minecraft:porkchop":4,"minecraft:glow_berries":1,"minecraft:saddle":1,"born_in_chaos_v1:pieceofdarkmetal":8,"born_in_chaos_v1:nightmare_claw":2,"minecraft:leather_helmet":1,"minecraft:emerald":19,"born_in_chaos_v1:monster_flesh":3,"minecraft:dirt":43,"minecraft:stone_button":8,"tombstone:scroll_of_true_sight":1,"iceandfire:armor_copper_metal_boots":4,"minecraft:chain":4,"minecraft:jungle_sapling":2,"minecraft:wooden_sword":1,"minecraft:sand":3,"minecraft:iron_pickaxe":1,"minecraft:dark_oak_planks":5,"minecraft:white_wool":2,"minecraft:birch_stairs":2,"minecraft:bone":42,"minecraft:stone_axe":1,"alexscaves:cave_tablet":2,"aether:golden_gloves":1,"endrem:rogue_eye":2,"minecraft:rotten_flesh":24,"minecraft:oak_planks":20,"minecraft:light_gray_carpet":2,"iceandfire:crackled_gravel":1,"luminousworld:grassflowers":2,"minecraft:tipped_arrow":6,"iceandfire:bestiary":2,"quark:smithing_template_rune":1,"minecraft:egg":2,"minecraft:iron_ingot":1,"born_in_chaos_v1:intoxicating_decoction":1,"minecraft:wheat_seeds":24,"born_in_chaos_v1:shattered_skull":1,"luminousworld:ishstone":1,"minecraft:feather":5,"minecraft:cobblestone":337,"minecraft:granite":9,"minecraft:coal":4,"minecraft:mushroom_stew":1,"born_in_chaos_v1:gnawed_bones":1,"born_in_chaos_v1:black_argillite":19,"alexsmobs:leafcutter_ant_chamber":1,"minecraft:potion":3,"minecraft:dead_bush":1,"minecraft:string":3,"minecraft:paper":8,"minecraft:spruce_sapling":1,"minecraft:moss_carpet":2,"minecraft:cocoa_beans":3,"minecraft:bowl":1,"minecraft:sticky_piston":7,"iceandfire:armor_copper_metal_helmet":3,"minecraft:cobblestone_slab":2,"ecologics:walnut_leaves":27,"minecraft:bundle":3,"minecraft:spruce_planks":2,"minecraft:stone_pressure_plate":4,"minecraft:brown_carpet":10,"minecraft:bamboo":24,"minecraft:bow":1,"minecraft:magma_block":1,"minecraft:dark_prismarine":1,"minecraft:birch_planks":2,"minecraft:dark_oak_sapling":2,"ecologics:coconut_slice":8,"minecraft:jungle_planks":1,"minecraft:mangrove_planks":2,"minecraft:flint":1,"born_in_chaos_v1:monster_skin":4,"minecraft:amethyst_shard":6,"minecraft:armor_stand":2,"born_in_chaos_v1:ethereal_spirit":1,"minecraft:rabbit_hide":6,"supplementaries:ash":11,"minecraft:melon_seeds":3,"born_in_chaos_v1:corpse_maggot":6,"minecraft:stone_brick_wall":1,"ecologics:coconut_husk":5,"vanillaplustools:stone_hammer":1,"minecraft:iron_bars":1,"minecraft:arrow":25,"iceandfire:armor_copper_metal_leggings":3,"minecraft:netherrack":28,"minecraft:bread":4,"iceandfire:armor_copper_metal_chestplate":2,"luminousworld:creepberries":17,"minecraft:copper_ingot":30,"minecraft:stick":70,"iceandfire:podium_spruce":1,"minecraft:diorite":13,"tombstone:magic_scroll":3,"iceandfire:silver_sword":3,"minecraft:melon_slice":52,"minecraft:brown_wool":1,"born_in_chaos_v1:fused_bone":4,"tombstone:grave_dust":12,"stalwart_dungeons:stone_hammer":1,"minecraft:smooth_basalt":14,"minecraft:wild_armor_trim_smithing_template":2,"minecraft:raw_copper":102,"supplementaries:bomb":2,"minecraft:wither_skeleton_skull":1,"minecraft:stripped_acacia_wood":1,"undead_revamp2:bostroxingot":9,"minecraft:shield":1,"iceandfire:copper_sword":1,"luminousworld:groundpebbles_1":3,"minecraft:andesite":6,"minecraft:slime_ball":8,"minecraft:stone_pickaxe":1,"minecraft:wooden_pickaxe":2,"minecraft:calcite":3},"minecraft:broken":{"aether:golden_gloves":2,"minecraft:golden_boots":1,"stalwart_dungeons:stone_hammer":1,"minecraft:iron_leggings":2,"iceandfire:silver_sword":1,"minecraft:iron_sword":2,"minecraft:chainmail_leggings":1,"minecraft:chainmail_helmet":1,"ecologics:crab_claw":1,"minecraft:shield":2,"vanillaplustools:stone_hammer":4,"vanillaplustools:stone_shovel":1,"minecraft:golden_leggings":1,"minecraft:stone_pickaxe":1,"minecraft:chainmail_chestplate":1,"minecraft:stone_axe":5,"iceandfire:armor_copper_metal_helmet":2,"iceandfire:armor_copper_metal_chestplate":2,"iceandfire:armor_copper_metal_boots":1},"minecraft:mined":{"minecraft:dark_oak_planks":11,"minecraft:cut_sandstone_slab":26,"luminousworld:autumnleaves":1,"alexsmobs:leafcutter_anthill":3,"minecraft:jungle_leaves":111,"minecraft:carved_pumpkin":2,"minecraft:potted_dead_bush":1,"minecraft:granite":84,"minecraft:stone_brick_wall":1,"minecraft:jungle_log":210,"minecraft:light_gray_bed":4,"minecraft:coal_block":3,"minecraft:chiseled_stone_bricks":1,"minecraft:spawner":12,"minecraft:tall_seagrass":10,"minecraft:magma_block":9,"minecraft:mossy_cobblestone_stairs":1,"minecraft:sticky_piston":5,"minecraft:fire":26,"minecraft:stripped_dark_oak_wood":2,"placeablesmod:empty_bucket_block":3,"iceandfire:gold_pile":32,"illagerinvasion:magic_fire":20,"minecraft:stripped_mangrove_wood":3,"minecraft:tripwire":7,"minecraft:piston_head":7,"iceandfire:podium_acacia":2,"minecraft:torch":7,"minecraft:note_block":5,"minecraft:blast_furnace":3,"minecraft:oxidized_copper":2,"minecraft:melon":157,"minecraft:sugar_cane":26,"minecraft:damaged_anvil":3,"minecraft:amethyst_block":18,"minecraft:wheat":1,"minecraft:yellow_glazed_terracotta":8,"minecraft:stone_brick_stairs":1,"minecraft:grass":158,"minecraft:infested_mossy_stone_bricks":1,"luminousworld:grassvariant_3":1,"minecraft:smooth_basalt":30,"minecraft:deepslate":30,"minecraft:purple_glazed_terracotta":352,"minecraft:yellow_terracotta":7,"minecraft:dark_prismarine":22,"iceandfire:silver_ore":24,"minecraft:mossy_cobblestone":15,"iceandfire:pixie_house_birch":1,"minecraft:jungle_planks":3,"born_in_chaos_v1:black_argillite":33,"alexsmobs:leafcutter_ant_chamber":10,"luminousworld:grassvariant_2":2,"luminousworld:whiteoakleaves":1,"minecraft:moss_block":13,"minecraft:acacia_wood":1,"placeablesmod:water_bucket_block":1,"minecraft:andesite":92,"minecraft:mossy_stone_brick_stairs":2,"minecraft:cobblestone_slab":8,"minecraft:vine":34,"luminousworld:groundpebbles_2":1,"minecraft:bamboo":64,"iceandfire:podium_spruce":1,"minecraft:smithing_table":1,"minecraft:birch_stairs":3,"minecraft:hanging_roots":2,"quark:oak_chest":1,"iceandfire:pixie_house_mushroom_brown":1,"ecologics:walnut_leaves":50,"minecraft:tall_grass":4,"minecraft:copper_ore":56,"minecraft:diorite":235,"minecraft:coarse_dirt":26,"minecraft:trapped_chest":2,"minecraft:cobblestone_wall":1,"minecraft:lime_glazed_terracotta":8,"minecraft:birch_leaves":2,"luminousworld:ishstone":32,"minecraft:gravel":44,"minecraft:cobweb":10,"minecraft:acacia_planks":7,"minecraft:gold_ore":1,"minecraft:fern":47,"minecraft:stone_pressure_plate":5,"minecraft:spruce_planks":7,"minecraft:orange_stained_glass":1,"minecraft:budding_amethyst":3,"minecraft:grass_block":228,"minecraft:infested_cobblestone":24,"friendsandfoes:oxidized_lightning_rod":2,"iceandfire:lectern":1,"undead_revamp2:bostroxore":8,"minecraft:iron_ore":27,"minecraft:target":2,"minecraft:iron_bars":1,"ecologics:walnut_log":1,"sophisticatedbackpacks:copper_backpack":1,"luminousworld:creepbush":25,"minecraft:cyan_terracotta":13,"minecraft:soul_lantern":1,"minecraft:clay":55,"minecraft:calcite":18,"minecraft:cobblestone":157,"minecraft:wall_torch":8,"minecraft:seagrass":1,"minecraft:light_gray_glazed_terracotta":8,"minecraft:smooth_stone_slab":1,"minecraft:oak_log":16,"minecraft:sand":9,"minecraft:dirt":261,"minecraft:tripwire_hook":1,"minecraft:dispenser":1,"minecraft:netherrack":59,"minecraft:oak_leaves":42,"luminousworld:groundpebbles_1":3,"luminousworld:grassvariant_4":3,"quark:jungle_chest":3,"minecraft:soul_campfire":1,"iceandfire:chared_dirt":1,"quark:acacia_chest":1,"minecraft:spruce_leaves":21,"minecraft:acacia_slab":1,"minecraft:large_fern":2,"minecraft:hay_block":62,"minecraft:black_glazed_terracotta":8,"minecraft:acacia_stairs":1,"minecraft:polished_deepslate":1,"minecraft:bookshelf":10,"minecraft:deepslate_iron_ore":1,"minecraft:shroomlight":3,"minecraft:stone":2920,"minecraft:redstone_wall_torch":1,"iceandfire:pixie_jar_empty":4,"minecraft:podzol":92,"minecraft:oak_fence":1,"minecraft:crafting_table":5,"minecraft:lapis_ore":1,"supplementaries:urn":4,"minecraft:birch_planks":26,"iceandfire:pixie_house_mushroom_red":1,"minecraft:yellow_bed":3,"minecraft:coal_ore":174,"minecraft:stripped_acacia_wood":29,"minecraft:mossy_stone_bricks":1},"minecraft:crafted":{"minecraft:smooth_stone":3,"ecologics:walnut_planks":4,"minecraft:cooked_mutton":6,"undead_revamp2:bostroxset_chestplate":1,"iceandfire:copper_axe":2,"iceandfire:armor_copper_metal_chestplate":5,"vanillaplustools:stone_shovel":1,"minecraft:cooked_porkchop":22,"minecraft:acacia_slab":24,"minecraft:copper_ingot":148,"minecraft:iron_horse_armor":1,"minecraft:iron_pickaxe":2,"minecraft:gold_ingot":32,"iceandfire:silver_sword":3,"minecraft:stone_shovel":9,"vanillaplustools:stone_hammer":5,"quark:jungle_chest":21,"iceandfire:armor_copper_metal_leggings":3,"iceandfire:armor_copper_metal_helmet":5,"minecraft:stone_pickaxe":50,"minecraft:oak_fence_gate":2,"minecraft:wooden_axe":1,"minecraft:white_bed":1,"stalwart_dungeons:stone_hammer":2,"minecraft:oak_planks":124,"minecraft:cobblestone_slab":6,"minecraft:stone":64,"minecraft:cobblestone_stairs":4,"iceandfire:armor_copper_metal_boots":4,"minecraft:oak_fence":6,"minecraft:crafting_table":7,"minecraft:wooden_pickaxe":3,"minecraft:shield":3,"minecraft:stick":551,"minecraft:wooden_sword":2,"minecraft:furnace":8,"iceandfire:silver_ingot":6,"minecraft:iron_sword":3,"minecraft:mangrove_planks":12,"born_in_chaos_v1:bone_heart":1,"minecraft:stone_axe":6,"minecraft:air":0,"minecraft:jungle_planks":240,"minecraft:white_wool":1,"minecraft:acacia_planks":64,"undead_revamp2:bostroxingot":8,"minecraft:torch":108,"minecraft:clay":2},"minecraft:killed":{"luminousworld:miner_zombie":1,"earthmobsmod:jumbo_rabbit":1,"born_in_chaos_v1:restless_spirit":1,"enemyexpansion:equestrian":2,"born_in_chaos_v1:siamese_skeletonsright":1,"born_in_chaos_v1:baby_skeleton_minion":2,"minecraft:skeleton":16,"luminousworld:dark_oak_skeleton":1,"alexsmobs:leafcutter_ant":3,"minecraft:chicken":4,"alexsmobs:capuchin_monkey":4,"born_in_chaos_v1:skeleton_thrasher":2,"ecologics:coconut_crab":1,"undead_revamp2:thepregnant":1,"enemyexpansion:vampflyer":1,"naturalist:snake":1,"luminousworld:crab":1,"enemyexpansion:meature":1,"minecraft:zombie":19,"enemyexpansion:vampire":1,"born_in_chaos_v1:corpse_fly":8,"enemyexpansion:botfly":6,"born_in_chaos_v1:door_knight":1,"minecraft:cow":1,"undead_revamp2:theimmortal":4,"minecraft:vindicator":1,"undead_revamp2:bomber":2,"enemyexpansion:silverqueen":1,"undead_revamp2:thebidy":3,"born_in_chaos_v1:barrel_zombie":1,"minecraft:husk":6,"undead_revamp2:the_moonflower":3,"born_in_chaos_v1:decrepit_skeleton":9,"born_in_chaos_v1:bloody_gadfly":2,"iceandfire:ghost":3,"born_in_chaos_v1:zombie_clown":1,"minecraft:spider":6,"creeperoverhaul:bamboo_creeper":1,"minecraft:silverfish":10,"undead_revamp2:therod":1,"born_in_chaos_v1:bonescaller":1,"minecraft:pig":10,"minecraft:zombie_villager":1,"born_in_chaos_v1:diamond_termite":1,"minecraft:creeper":1,"minecraft:sheep":8,"undead_revamp2:thebidyupside":1,"born_in_chaos_v1:dread_hound":5,"alexsmobs:terrapin":1,"iceandfire:pixie":1,"born_in_chaos_v1:siamese_skeletonsleft":1,"alexsmobs:tiger":2,"luminousworld:sunken_skeleton":3,"enemyexpansion:direwolf":5,"minecraft:slime":8,"born_in_chaos_v1:zombie_bruiser":4,"born_in_chaos_v1:maggot":18,"minecraft:phantom":3,"undead_revamp2:thehorrors":1,"undead_revamp2:sucker":1,"minecraft:hoglin":28,"born_in_chaos_v1:nightmare_stalker":1,"minecraft:wither_skeleton":28,"enemyexpansion:slugger":1},"minecraft:used":{"iceandfire:lectern":2,"sophisticatedbackpacks:copper_backpack":1,"minecraft:stone":21,"minecraft:lava_bucket":34,"supplementaries:ash":1,"minecraft:furnace":8,"minecraft:diorite":6,"minecraft:damaged_anvil":2,"minecraft:wooden_pickaxe":16,"minecraft:cut_sandstone_slab":20,"minecraft:cyan_carpet":1,"minecraft:wooden_sword":18,"minecraft:stripped_acacia_wood":3,"ecologics:crab_claw":50,"iceandfire:silver_sword":474,"minecraft:carved_pumpkin":2,"iceandfire:armor_copper_metal_leggings":1,"born_in_chaos_v1:ethereal_spirit":1,"vanillaplustools:stone_hammer":543,"minecraft:torch":169,"minecraft:chainmail_chestplate":1,"minecraft:oak_fence_gate":2,"iceandfire:copper_axe":11,"undead_revamp2:huntereye":1,"minecraft:bamboo":1,"minecraft:oxidized_copper":2,"tombstone:gift":7,"minecraft:trapped_chest":1,"minecraft:acacia_planks":53,"minecraft:wheat_seeds":7,"minecraft:water_bucket":25,"minecraft:birch_planks":13,"minecraft:bundle":7,"iceandfire:chared_dirt":1,"minecraft:mossy_cobblestone":1,"minecraft:crafting_table":10,"friendsandfoes:oxidized_lightning_rod":2,"vanillaplustools:stone_shovel":136,"minecraft:white_bed":1,"alexsmobs:leafcutter_ant_pupa":4,"minecraft:dark_prismarine":14,"minecraft:iron_pickaxe":245,"stalwart_dungeons:stone_hammer":136,"minecraft:cobblestone":375,"minecraft:cooked_porkchop":25,"minecraft:porkchop":30,"minecraft:shield":62,"minecraft:iron_sword":1174,"minecraft:jungle_planks":27,"born_in_chaos_v1:corpse_maggot":1,"minecraft:cyan_terracotta":10,"minecraft:magma_block":1,"minecraft:scaffolding":6,"minecraft:golden_boots":1,"iceandfire:podium_acacia":3,"minecraft:stone_pickaxe":349,"minecraft:oak_planks":7,"minecraft:yellow_terracotta":3,"minecraft:mushroom_stew":1,"minecraft:stone_brick_wall":1,"luminousworld:creepberries":3,"iceandfire:armor_copper_metal_chestplate":2,"minecraft:melon_slice":585,"ecologics:coconut_slice":5,"minecraft:andesite":29,"minecraft:smooth_stone_slab":2,"minecraft:coarse_dirt":13,"minecraft:oak_fence":7,"quark:jungle_chest":24,"minecraft:spruce_planks":3,"iceandfire:armor_copper_metal_boots":1,"minecraft:dirt":540,"minecraft:cobblestone_wall":1,"minecraft:granite":13,"minecraft:wooden_axe":21,"minecraft:dark_oak_planks":4,"minecraft:acacia_slab":21,"minecraft:iron_boots":1,"alexsmobs:banana":4,"minecraft:light_gray_bed":4,"minecraft:iron_leggings":2,"minecraft:cooked_mutton":1,"minecraft:cobblestone_stairs":3,"ecologics:walnut_sapling":1,"luminousworld:ishstone":2,"minecraft:cobblestone_slab":11,"luminousworld:white_petunias":1,"quark:acacia_chest":1,"minecraft:stone_axe":627,"minecraft:bucket":59,"minecraft:yellow_bed":3,"alexsmobs:animal_dictionary":3,"minecraft:chainmail_leggings":1},"minecraft:killed_by":{"alexsmobs:leafcutter_ant":1,"enemyexpansion:slugger":2,"enemyexpansion:huntsman":1,"minecraft:vindicator":2,"minecraft:zombie":1,"undead_revamp2:thepregnant":1,"enemyexpansion:invisicreeper":1,"minecraft:husk":3,"undead_revamp2:thespitter":1,"alexsmobs:tiger":2,"enemyexpansion:direwolf":1,"minecraft:wither_skeleton":15,"alexsmobs:crocodile":1,"creeperoverhaul:jungle_creeper":1,"iceandfire:fire_dragon":10,"minecraft:player":2,"undead_revamp2:therod":2,"minecraft:hoglin":6,"minecraft:skeleton":10,"illagerinvasion:marauder":1,"mowziesmobs:foliaath":4,"born_in_chaos_v1:door_knight":3},"minecraft:custom":{"minecraft:interact_with_crafting_table":75,"minecraft:open_barrel":23,"minecraft:leave_game":14,"minecraft:time_since_death":10261,"minecraft:damage_blocked_by_shield":4040,"minecraft:play_time":703049,"minecraft:deaths":76,"minecraft:jump":10830,"minecraft:interact_with_furnace":97,"minecraft:sleep_in_bed":20,"tombstone:sneak_grave":5,"minecraft:damage_dealt":74795,"tombstone:undead_killed":123,"minecraft:interact_with_smoker":2,"minecraft:inspect_dispenser":11,"minecraft:horse_one_cm":268358,"minecraft:interact_with_smithing_table":1,"minecraft:inspect_dropper":7,"minecraft:interact_with_anvil":2,"minecraft:inspect_hopper":1,"minecraft:damage_dealt_absorbed":68,"minecraft:sneak_time":57741,"minecraft:total_world_time":703049,"tombstone:raider_killed":4,"minecraft:tune_noteblock":14,"minecraft:interact_with_stonecutter":1,"minecraft:time_since_rest":5658,"minecraft:swim_one_cm":290351,"minecraft:fly_one_cm":2113174,"minecraft:open_chest":568,"minecraft:fall_one_cm":224744,"minecraft:sprint_one_cm":1790733,"minecraft:drop":377,"minecraft:play_noteblock":7,"minecraft:talked_to_villager":11,"minecraft:walk_on_water_one_cm":162165,"minecraft:player_kills":3,"minecraft:crouch_one_cm":143455,"minecraft:mob_kills":289,"minecraft:damage_dealt_resisted":13336,"minecraft:climb_one_cm":79700,"minecraft:walk_one_cm":1667449,"minecraft:walk_under_water_one_cm":234588,"minecraft:damage_taken":39761,"minecraft:trigger_trapped_chest":2}},"DataVersion":3465}