{"stats":{"minecraft:dropped":{"minecraft:bamboo":9},"minecraft:custom":{"minecraft:jump":27,"minecraft:time_since_rest":1188,"minecraft:leave_game":1,"minecraft:crouch_one_cm":74,"minecraft:sprint_one_cm":1757,"minecraft:play_time":1188,"minecraft:time_since_death":1188,"minecraft:walk_one_cm":2072,"minecraft:sneak_time":104,"minecraft:climb_one_cm":149,"minecraft:total_world_time":1188,"minecraft:drop":9,"minecraft:fall_one_cm":1432,"minecraft:fly_one_cm":7125},"minecraft:mined":{"minecraft:oak_log":2,"minecraft:bamboo":4,"minecraft:melon":2},"minecraft:used":{"minecraft:bamboo":1},"minecraft:picked_up":{"minecraft:oak_log":2,"minecraft:bamboo":12,"minecraft:melon_slice":14}},"DataVersion":3465}