{"stats":{"minecraft:picked_up":{"born_in_chaos_v1:corpse_maggot":1,"minecraft:cocoa_beans":3,"minecraft:coarse_dirt":2,"minecraft:feather":3,"minecraft:chicken":1,"minecraft:jungle_log":8,"minecraft:brown_wool":1,"minecraft:oak_log":17,"minecraft:golden_boots":1,"minecraft:dirt":39,"minecraft:string":3,"minecraft:raw_copper":127,"minecraft:bone":6,"minecraft:wheat_seeds":6,"minecraft:smooth_stone":6,"minecraft:jungle_sapling":1,"minecraft:bamboo":120,"minecraft:melon_slice":203,"alexsmobs:leafcutter_ant_chamber":4,"minecraft:stick":50,"minecraft:raw_iron":4,"luminousworld:creepberries":3,"iceandfire:armor_copper_metal_leggings":1,"minecraft:torch":32,"born_in_chaos_v1:ethereal_spirit":1,"tombstone:grave_dust":2,"iceandfire:armor_copper_metal_boots":1,"alexsmobs:leafcutter_ant_pupa":1,"minecraft:rotten_flesh":9,"minecraft:chainmail_leggings":1,"minecraft:oak_sapling":2,"minecraft:mutton":6,"minecraft:coal":85,"minecraft:white_wool":2,"iceandfire:raw_silver":8,"minecraft:cobblestone":1025},"minecraft:dropped":{"minecraft:wheat_seeds":4,"minecraft:cocoa_beans":3,"iceandfire:armor_copper_metal_chestplate":1,"minecraft:feather":1,"minecraft:cobblestone":64,"minecraft:rotten_flesh":1,"minecraft:oak_planks":20,"minecraft:jungle_planks":1,"iceandfire:armor_copper_metal_helmet":1,"minecraft:stick":62,"minecraft:dirt":32,"minecraft:shield":1,"iceandfire:silver_sword":1,"minecraft:melon_slice":17,"minecraft:brown_wool":1,"iceandfire:armor_copper_metal_boots":2,"minecraft:bamboo":14,"minecraft:jungle_sapling":1,"minecraft:wooden_sword":1,"minecraft:wooden_pickaxe":1,"iceandfire:armor_copper_metal_leggings":2,"stalwart_dungeons:stone_hammer":1},"minecraft:broken":{"vanillaplustools:stone_hammer":1},"minecraft:mined":{"minecraft:podzol":1,"iceandfire:silver_ore":9,"alexsmobs:leafcutter_anthill":1,"minecraft:jungle_leaves":3,"minecraft:crafting_table":1,"minecraft:grass_block":2,"minecraft:melon":40,"minecraft:jungle_log":7,"alexsmobs:leafcutter_ant_chamber":5,"minecraft:copper_ore":35,"minecraft:cobblestone":1,"minecraft:lapis_ore":1,"minecraft:coarse_dirt":1,"minecraft:iron_ore":4,"minecraft:grass":26,"minecraft:oak_log":16,"minecraft:coal_ore":85,"minecraft:vine":8,"minecraft:dirt":5,"minecraft:bamboo":13,"minecraft:stone":1049,"minecraft:oak_leaves":6,"minecraft:fern":12,"luminousworld:creepbush":3},"minecraft:crafted":{"minecraft:wooden_sword":2,"minecraft:smooth_stone":3,"minecraft:oak_planks":68,"vanillaplustools:stone_hammer":2,"iceandfire:silver_ingot":6,"minecraft:crafting_table":2,"minecraft:wooden_pickaxe":2,"minecraft:furnace":8,"iceandfire:armor_copper_metal_leggings":2,"minecraft:copper_ingot":130,"minecraft:stone":9,"minecraft:stone_axe":1,"minecraft:cooked_mutton":4,"iceandfire:armor_copper_metal_boots":2,"iceandfire:armor_copper_metal_helmet":2,"minecraft:air":0,"minecraft:jungle_planks":32,"iceandfire:copper_axe":2,"minecraft:shield":2,"minecraft:stick":127,"iceandfire:armor_copper_metal_chestplate":2,"minecraft:stone_pickaxe":19,"minecraft:wooden_axe":1,"stalwart_dungeons:stone_hammer":2,"iceandfire:silver_sword":2},"minecraft:killed":{"born_in_chaos_v1:bonescaller":1,"minecraft:spider":2,"luminousworld:sunken_skeleton":3,"born_in_chaos_v1:baby_skeleton_minion":2,"born_in_chaos_v1:zombie_bruiser":1,"born_in_chaos_v1:maggot":2,"minecraft:sheep":4,"minecraft:skeleton":1,"alexsmobs:leafcutter_ant":2,"minecraft:chicken":1,"undead_revamp2:thehorrors":1,"undead_revamp2:sucker":1},"minecraft:used":{"iceandfire:silver_sword":32,"iceandfire:armor_copper_metal_leggings":1,"minecraft:stone_pickaxe":74,"minecraft:oak_planks":7,"minecraft:shield":6,"minecraft:wooden_pickaxe":15,"vanillaplustools:stone_hammer":132,"minecraft:torch":7,"iceandfire:armor_copper_metal_boots":1,"minecraft:dirt":1,"minecraft:crafting_table":2,"alexsmobs:leafcutter_ant_pupa":1,"luminousworld:creepberries":3,"minecraft:wooden_axe":21,"iceandfire:armor_copper_metal_chestplate":1,"minecraft:melon_slice":63,"iceandfire:copper_axe":11,"minecraft:stone_axe":25,"stalwart_dungeons:stone_hammer":30,"minecraft:bamboo":1,"minecraft:wooden_sword":18,"minecraft:cobblestone":17,"minecraft:furnace":8,"alexsmobs:animal_dictionary":3,"minecraft:coarse_dirt":2},"minecraft:killed_by":{"mowziesmobs:foliaath":1},"minecraft:custom":{"minecraft:interact_with_furnace":47,"minecraft:mob_kills":23,"minecraft:interact_with_crafting_table":35,"minecraft:damage_dealt_resisted":56,"minecraft:leave_game":1,"minecraft:time_since_death":8035,"minecraft:climb_one_cm":9543,"minecraft:time_since_rest":5636,"minecraft:sprint_one_cm":147703,"minecraft:damage_taken":3172,"minecraft:walk_one_cm":185620,"minecraft:damage_blocked_by_shield":285,"minecraft:drop":74,"minecraft:damage_dealt":4169,"minecraft:swim_one_cm":28600,"minecraft:fly_one_cm":166355,"minecraft:open_chest":27,"minecraft:crouch_one_cm":924,"minecraft:play_time":76190,"tombstone:undead_killed":7,"minecraft:deaths":2,"minecraft:sneak_time":427,"minecraft:walk_under_water_one_cm":13852,"minecraft:jump":1039,"minecraft:walk_on_water_one_cm":10732,"minecraft:total_world_time":76190,"minecraft:fall_one_cm":19735}},"DataVersion":3465}