{"stats":{"minecraft:picked_up":{"luminousworld:groundpebbles_1":2,"born_in_chaos_v1:corpse_maggot":2,"minecraft:stick":1,"iceandfire:copper_nugget":10,"luminousworld:creepberries":42,"iceandfire:armor_copper_metal_leggings":1,"iceandfire:armor_copper_metal_chestplate":1,"iceandfire:armor_copper_metal_boots":1,"iceandfire:armor_copper_metal_helmet":1,"minecraft:dirt":21,"minecraft:string":2,"minecraft:bone":1,"luminousworld:yellow_grassflowers":1,"minecraft:stone_axe":1,"minecraft:wheat_seeds":10,"iceandfire:silver_sword":2,"ecologics:coconut_log":5,"ecologics:walnut_leaves":27,"minecraft:bamboo":152,"minecraft:melon_slice":66,"minecraft:cobblestone":1},"minecraft:dropped":{"minecraft:wheat_seeds":8,"tombstone:grave_key":1,"luminousworld:groundpebbles_1":1,"ecologics:coconut_log":5,"minecraft:cobblestone":1,"minecraft:bamboo":36,"minecraft:string":1},"minecraft:mined":{"minecraft:podzol":5,"luminousworld:yellow_grassflowers":1,"minecraft:fire":37,"minecraft:jungle_leaves":2,"minecraft:grass":21,"minecraft:grass_block":9,"minecraft:melon":9,"minecraft:vine":2,"minecraft:dirt":4,"minecraft:bamboo":17,"minecraft:oak_leaves":6,"minecraft:fern":7,"luminousworld:creepbush":20},"minecraft:killed":{"luminousworld:crab":1,"minecraft:zombie":1,"alexsmobs:terrapin":1,"born_in_chaos_v1:decrepit_skeleton":1,"born_in_chaos_v1:maggot":3},"minecraft:used":{"luminousworld:creepberries":15,"minecraft:wooden_axe":37,"iceandfire:silver_sword":17,"minecraft:melon_slice":20,"iceandfire:copper_axe":8,"luminousworld:groundpebbles_1":1,"luminousworld:yellow_grassflowers":1,"minecraft:dirt":1,"tombstone:gift":2},"minecraft:killed_by":{"enemyexpansion:slugger":1,"born_in_chaos_v1:nightmare_stalker":1,"enemyexpansion:botfly":1,"iceandfire:lightning_dragon":1,"alexsmobs:tiger":1,"born_in_chaos_v1:zombie_bruiser":1},"minecraft:custom":{"minecraft:time_since_rest":138,"minecraft:sprint_one_cm":343178,"minecraft:damage_taken":7426,"minecraft:walk_one_cm":155884,"minecraft:mob_kills":7,"minecraft:drop":53,"minecraft:damage_dealt":1234,"minecraft:swim_one_cm":55816,"minecraft:fly_one_cm":196411,"minecraft:open_chest":8,"minecraft:crouch_one_cm":1329,"minecraft:play_time":60719,"tombstone:undead_killed":2,"minecraft:deaths":9,"minecraft:sneak_time":475,"minecraft:walk_under_water_one_cm":7212,"minecraft:jump":1460,"minecraft:leave_game":5,"minecraft:time_since_death":0,"minecraft:walk_on_water_one_cm":34325,"minecraft:total_world_time":60719,"minecraft:climb_one_cm":19529,"minecraft:fall_one_cm":23339}},"DataVersion":3465}