{"stats":{"minecraft:picked_up":{"luminousworld:groundpebbles_1":3,"minecraft:charcoal":8,"minecraft:flower_pot":2,"minecraft:clay_ball":12,"born_in_chaos_v1:seedof_chaos":1,"iceandfire:armor_copper_metal_chestplate":1,"tombstone:grave_key":1,"minecraft:brewing_stand":2,"minecraft:amethyst_block":2,"minecraft:polished_deepslate":1,"minecraft:string":3,"minecraft:iron_axe":1,"minecraft:item_frame":8,"minecraft:zombie_head":1,"minecraft:experience_bottle":5,"iceandfire:graveyard_soil":1,"minecraft:gold_nugget":20,"minecraft:cobbled_deepslate":11,"minecraft:player_head":2,"minecraft:iron_pickaxe":2,"minecraft:melon_slice":129,"minecraft:phantom_membrane":1,"minecraft:iron_boots":1,"minecraft:stick":3,"iceandfire:armor_copper_metal_leggings":1,"minecraft:big_dripleaf":6,"minecraft:oak_fence":1,"minecraft:torch":48,"minecraft:white_dye":2,"minecraft:stone_button":1,"minecraft:cookie":5,"iceandfire:armor_copper_metal_boots":1,"minecraft:redstone":2,"minecraft:rotten_flesh":4,"minecraft:arrow":1,"luminousworld:yellow_grassflowers":1,"minecraft:pumpkin_pie":2,"supplementaries:antique_ink":3,"ecologics:coconut_log":5,"ecologics:walnut_leaves":27,"minecraft:gold_ingot":2,"tombstone:essence_of_undeath":1,"sophisticatedbackpacks:copper_backpack":1,"supplementaries:ash":7,"minecraft:mutton":4,"minecraft:cobblestone":126,"born_in_chaos_v1:corpse_maggot":3,"minecraft:feather":1,"born_in_chaos_v1:monster_flesh":2,"minecraft:andesite":28,"minecraft:potato":9,"minecraft:yellow_bed":2,"iceandfire:armor_copper_metal_helmet":1,"minecraft:gunpowder":2,"minecraft:wither_skeleton_skull":1,"minecraft:lapis_lazuli":1,"minecraft:dirt":58,"minecraft:lantern":13,"born_in_chaos_v1:monster_skin":1,"minecraft:cooked_mutton":2,"minecraft:bone":5,"mowziesmobs:foliaath_seed":1,"minecraft:wheat_seeds":17,"minecraft:iron_ingot":3,"minecraft:rabbit":2,"minecraft:bamboo":153,"minecraft:iron_sword":2,"minecraft:book":180,"iceandfire:copper_nugget":24,"minecraft:pumpkin":1,"luminousworld:creepberries":61,"sophisticatedbackpacks:jukebox_upgrade":1,"minecraft:lily_of_the_valley":2,"minecraft:spider_eye":1,"minecraft:bundle":3,"minecraft:slime_ball":1,"minecraft:stone_axe":1,"iceandfire:silver_sword":2,"minecraft:soul_lantern":1,"undead_revamp2:beespheromones":1,"minecraft:emerald":4,"minecraft:acacia_slab":4,"iceandfire:silver_nugget":10},"minecraft:dropped":{"minecraft:iron_sword":1,"minecraft:wheat_seeds":8,"minecraft:cobblestone":1,"luminousworld:creepberries":1,"minecraft:amethyst_block":2,"tombstone:grave_key":5,"minecraft:melon_slice":34,"minecraft:pumpkin":1,"minecraft:string":1,"ecologics:coconut_log":5,"minecraft:clay_ball":12,"minecraft:cooked_mutton":2,"minecraft:big_dripleaf":6,"supplementaries:ash":6,"minecraft:gunpowder":2,"minecraft:bundle":1,"luminousworld:groundpebbles_1":1,"minecraft:spider_eye":1,"minecraft:bamboo":36},"minecraft:broken":{"minecraft:shield":1,"iceandfire:armor_copper_metal_leggings":1},"minecraft:mined":{"iceandfire:copper_pile":2,"minecraft:jungle_leaves":5,"placeablesmod:melon_block_1":2,"minecraft:grass_block":11,"luminousworld:yellow_grassflowers":1,"minecraft:cobbled_deepslate":2,"minecraft:fire":37,"minecraft:andesite":7,"minecraft:pumpkin":1,"minecraft:bookshelf":60,"iceandfire:gold_pile":3,"minecraft:vine":9,"minecraft:bamboo":18,"minecraft:azalea":1,"minecraft:stone":20,"luminousworld:creepbush":39,"minecraft:podzol":5,"minecraft:glass_pane":1,"minecraft:potted_lily_of_the_valley":2,"minecraft:oak_fence":1,"minecraft:clay":2,"minecraft:melon":14,"minecraft:campfire":4,"minecraft:cobblestone":4,"supplementaries:urn":3,"minecraft:yellow_bed":2,"minecraft:grass":33,"iceandfire:silver_pile":3,"minecraft:zombie_head":1,"minecraft:dirt":5,"minecraft:oak_leaves":7,"minecraft:fern":13},"minecraft:crafted":{"vanillaplustools:stone_hammer":2,"minecraft:stone_pickaxe":22,"minecraft:stone_hoe":1,"minecraft:wheat":540,"minecraft:bread":158,"minecraft:jungle_planks":20,"minecraft:iron_chestplate":1,"minecraft:shield":2,"minecraft:iron_leggings":1},"minecraft:killed":{"luminousworld:miner_zombie":2,"undead_revamp2:theswarmer":1,"creeperoverhaul:bamboo_creeper":2,"born_in_chaos_v1:maggot":5,"minecraft:skeleton":2,"undead_revamp2:the_moonflower":1,"born_in_chaos_v1:decrepit_skeleton":2,"luminousworld:crab":1,"minecraft:zombie":2,"born_in_chaos_v1:dread_hound":2,"alexsmobs:terrapin":1},"minecraft:used":{"iceandfire:silver_sword":17,"minecraft:shield":41,"minecraft:iron_sword":62,"minecraft:torch":14,"minecraft:dirt":5,"born_in_chaos_v1:corpse_maggot":1,"minecraft:wooden_axe":37,"minecraft:iron_axe":16,"iceandfire:copper_axe":8,"tombstone:gift":2,"minecraft:cobbled_deepslate":3,"minecraft:cooked_mutton":2,"minecraft:bundle":1,"minecraft:stone_pickaxe":6,"luminousworld:groundpebbles_1":1,"luminousworld:yellow_grassflowers":1,"luminousworld:creepberries":23,"minecraft:melon_slice":60,"minecraft:bread":18,"minecraft:stone_button":1,"minecraft:iron_pickaxe":30,"minecraft:stone_axe":1,"minecraft:cobblestone":27,"minecraft:yellow_bed":2,"minecraft:pumpkin_pie":2},"minecraft:killed_by":{"minecraft:wither_skeleton":1,"born_in_chaos_v1:nightmare_stalker":1,"minecraft:enderman":1,"born_in_chaos_v1:zombie_bruiser":1,"enemyexpansion:slugger":1,"alexsmobs:tiger":1,"enemyexpansion:botfly":1,"iceandfire:lightning_dragon":1,"born_in_chaos_v1:dread_hound":1,"iceandfire:fire_dragon":2,"enemyexpansion:invisicreeper":1},"minecraft:custom":{"minecraft:mob_kills":22,"minecraft:interact_with_crafting_table":11,"minecraft:damage_dealt_resisted":149,"minecraft:leave_game":6,"minecraft:time_since_death":1347,"minecraft:climb_one_cm":32193,"minecraft:sprint_one_cm":1063993,"minecraft:walk_one_cm":442117,"minecraft:damage_blocked_by_shield":2475,"minecraft:drop":85,"minecraft:play_time":198223,"minecraft:deaths":16,"minecraft:sneak_time":1815,"minecraft:walk_under_water_one_cm":53917,"minecraft:jump":3029,"minecraft:interact_with_brewingstand":1,"minecraft:walk_on_water_one_cm":78737,"minecraft:total_world_time":198223,"minecraft:interact_with_furnace":2,"minecraft:sleep_in_bed":4,"minecraft:time_since_rest":1344,"minecraft:damage_taken":11339,"minecraft:damage_dealt":4083,"minecraft:swim_one_cm":97291,"minecraft:fly_one_cm":390051,"minecraft:open_chest":177,"minecraft:crouch_one_cm":4951,"tombstone:undead_killed":10,"minecraft:fall_one_cm":49343}},"DataVersion":3465}