{"stats":{"minecraft:picked_up":{"luminousworld:groundpebbles_1":3,"minecraft:charcoal":8,"minecraft:flower_pot":2,"minecraft:clay_ball":12,"born_in_chaos_v1:seedof_chaos":1,"iceandfire:armor_copper_metal_chestplate":1,"tombstone:grave_key":1,"minecraft:brewing_stand":2,"minecraft:amethyst_block":2,"minecraft:polished_deepslate":1,"minecraft:string":3,"minecraft:iron_axe":1,"minecraft:item_frame":8,"minecraft:zombie_head":1,"minecraft:experience_bottle":5,"iceandfire:graveyard_soil":1,"minecraft:gold_nugget":20,"minecraft:cobbled_deepslate":11,"minecraft:player_head":2,"minecraft:iron_pickaxe":2,"minecraft:melon_slice":102,"minecraft:phantom_membrane":1,"minecraft:iron_boots":1,"minecraft:stick":1,"iceandfire:armor_copper_metal_leggings":1,"minecraft:big_dripleaf":6,"minecraft:oak_fence":1,"minecraft:torch":47,"minecraft:white_dye":2,"minecraft:stone_button":1,"minecraft:cookie":5,"iceandfire:armor_copper_metal_boots":1,"minecraft:redstone":2,"luminousworld:yellow_grassflowers":1,"minecraft:pumpkin_pie":2,"supplementaries:antique_ink":3,"ecologics:coconut_log":5,"ecologics:walnut_leaves":27,"minecraft:gold_ingot":2,"tombstone:essence_of_undeath":1,"sophisticatedbackpacks:copper_backpack":1,"supplementaries:ash":7,"minecraft:mutton":4,"minecraft:cobblestone":126,"born_in_chaos_v1:corpse_maggot":3,"minecraft:feather":1,"minecraft:andesite":28,"minecraft:potato":9,"minecraft:yellow_bed":2,"iceandfire:armor_copper_metal_helmet":1,"minecraft:gunpowder":2,"minecraft:wither_skeleton_skull":1,"minecraft:lapis_lazuli":1,"minecraft:dirt":23,"minecraft:lantern":13,"minecraft:cooked_mutton":2,"minecraft:bone":1,"mowziesmobs:foliaath_seed":1,"minecraft:wheat_seeds":15,"minecraft:iron_ingot":3,"minecraft:rabbit":2,"minecraft:bamboo":152,"minecraft:iron_sword":1,"minecraft:book":180,"iceandfire:copper_nugget":24,"minecraft:pumpkin":1,"luminousworld:creepberries":53,"sophisticatedbackpacks:jukebox_upgrade":1,"minecraft:lily_of_the_valley":2,"minecraft:spider_eye":1,"minecraft:bundle":3,"minecraft:slime_ball":1,"minecraft:stone_axe":1,"iceandfire:silver_sword":2,"minecraft:soul_lantern":1,"minecraft:emerald":4,"minecraft:acacia_slab":4,"iceandfire:silver_nugget":10},"minecraft:dropped":{"minecraft:wheat_seeds":8,"minecraft:cobblestone":1,"luminousworld:creepberries":1,"minecraft:amethyst_block":2,"tombstone:grave_key":5,"minecraft:melon_slice":34,"minecraft:pumpkin":1,"minecraft:string":1,"ecologics:coconut_log":5,"minecraft:clay_ball":12,"minecraft:cooked_mutton":2,"minecraft:big_dripleaf":6,"supplementaries:ash":6,"minecraft:gunpowder":2,"minecraft:bundle":1,"luminousworld:groundpebbles_1":1,"minecraft:spider_eye":1,"minecraft:bamboo":36},"minecraft:broken":{"iceandfire:armor_copper_metal_leggings":1},"minecraft:mined":{"iceandfire:copper_pile":2,"minecraft:jungle_leaves":2,"placeablesmod:melon_block_1":2,"minecraft:grass_block":11,"luminousworld:yellow_grassflowers":1,"minecraft:cobbled_deepslate":2,"minecraft:fire":37,"minecraft:andesite":7,"minecraft:pumpkin":1,"minecraft:bookshelf":60,"iceandfire:gold_pile":3,"minecraft:vine":3,"minecraft:bamboo":17,"minecraft:azalea":1,"minecraft:stone":20,"luminousworld:creepbush":31,"minecraft:podzol":5,"minecraft:glass_pane":1,"minecraft:potted_lily_of_the_valley":2,"minecraft:oak_fence":1,"minecraft:clay":2,"minecraft:melon":9,"minecraft:campfire":4,"minecraft:cobblestone":4,"supplementaries:urn":3,"minecraft:yellow_bed":2,"minecraft:grass":25,"iceandfire:silver_pile":3,"minecraft:zombie_head":1,"minecraft:dirt":5,"minecraft:oak_leaves":6,"minecraft:fern":11},"minecraft:crafted":{"minecraft:stone_pickaxe":22,"minecraft:stone_hoe":1},"minecraft:killed":{"luminousworld:miner_zombie":2,"born_in_chaos_v1:maggot":5,"minecraft:skeleton":1,"born_in_chaos_v1:decrepit_skeleton":2,"luminousworld:crab":1,"minecraft:zombie":1,"alexsmobs:terrapin":1},"minecraft:used":{"iceandfire:silver_sword":17,"minecraft:iron_sword":22,"minecraft:torch":5,"minecraft:dirt":1,"born_in_chaos_v1:corpse_maggot":1,"minecraft:wooden_axe":37,"minecraft:iron_axe":4,"iceandfire:copper_axe":8,"tombstone:gift":2,"minecraft:cobbled_deepslate":3,"minecraft:cooked_mutton":2,"minecraft:bundle":1,"minecraft:stone_pickaxe":6,"luminousworld:groundpebbles_1":1,"luminousworld:yellow_grassflowers":1,"luminousworld:creepberries":22,"minecraft:melon_slice":39,"minecraft:bread":2,"minecraft:stone_button":1,"minecraft:iron_pickaxe":30,"minecraft:stone_axe":1,"minecraft:cobblestone":24,"minecraft:yellow_bed":2,"minecraft:pumpkin_pie":2},"minecraft:killed_by":{"born_in_chaos_v1:nightmare_stalker":1,"born_in_chaos_v1:zombie_bruiser":1,"enemyexpansion:slugger":1,"alexsmobs:tiger":1,"enemyexpansion:botfly":1,"iceandfire:lightning_dragon":1,"iceandfire:fire_dragon":2,"enemyexpansion:invisicreeper":1},"minecraft:custom":{"minecraft:mob_kills":13,"minecraft:interact_with_crafting_table":2,"minecraft:damage_dealt_resisted":149,"minecraft:leave_game":5,"minecraft:time_since_death":17585,"minecraft:climb_one_cm":24151,"minecraft:sprint_one_cm":761214,"minecraft:walk_one_cm":319893,"minecraft:drop":84,"minecraft:play_time":138223,"minecraft:deaths":13,"minecraft:sneak_time":1152,"minecraft:walk_under_water_one_cm":12604,"minecraft:jump":2268,"minecraft:interact_with_brewingstand":1,"minecraft:walk_on_water_one_cm":58405,"minecraft:total_world_time":138223,"minecraft:interact_with_furnace":2,"minecraft:sleep_in_bed":2,"minecraft:time_since_rest":15776,"minecraft:damage_taken":9660,"minecraft:damage_dealt":2282,"minecraft:swim_one_cm":65993,"minecraft:fly_one_cm":312060,"minecraft:open_chest":124,"minecraft:crouch_one_cm":3286,"tombstone:undead_killed":6,"minecraft:fall_one_cm":36384}},"DataVersion":3465}