{"stats":{"minecraft:picked_up":{"luminousworld:groundpebbles_1":2,"born_in_chaos_v1:corpse_maggot":2,"luminousworld:creepberries":37,"iceandfire:armor_copper_metal_leggings":1,"iceandfire:armor_copper_metal_chestplate":1,"iceandfire:armor_copper_metal_boots":1,"iceandfire:armor_copper_metal_helmet":1,"minecraft:dirt":19,"minecraft:string":2,"minecraft:bone":1,"luminousworld:yellow_grassflowers":1,"minecraft:wheat_seeds":10,"iceandfire:silver_sword":2,"ecologics:coconut_log":5,"ecologics:walnut_leaves":27,"minecraft:bamboo":138,"minecraft:melon_slice":66,"minecraft:cobblestone":1},"minecraft:dropped":{"minecraft:wheat_seeds":8,"tombstone:grave_key":1,"luminousworld:groundpebbles_1":1,"ecologics:coconut_log":5,"minecraft:cobblestone":1,"minecraft:bamboo":36,"minecraft:string":1},"minecraft:mined":{"minecraft:podzol":5,"luminousworld:yellow_grassflowers":1,"minecraft:fire":37,"minecraft:jungle_leaves":2,"minecraft:grass":19,"minecraft:grass_block":7,"minecraft:melon":9,"minecraft:vine":2,"minecraft:dirt":3,"minecraft:bamboo":17,"minecraft:oak_leaves":6,"minecraft:fern":6,"luminousworld:creepbush":15},"minecraft:killed":{"luminousworld:crab":1,"minecraft:zombie":1,"alexsmobs:terrapin":1,"born_in_chaos_v1:decrepit_skeleton":1,"born_in_chaos_v1:maggot":3},"minecraft:used":{"luminousworld:creepberries":15,"minecraft:wooden_axe":37,"iceandfire:silver_sword":17,"minecraft:melon_slice":20,"iceandfire:copper_axe":8,"luminousworld:groundpebbles_1":1,"luminousworld:yellow_grassflowers":1,"minecraft:dirt":1,"tombstone:gift":2},"minecraft:killed_by":{"enemyexpansion:slugger":1,"enemyexpansion:botfly":1,"alexsmobs:tiger":1,"born_in_chaos_v1:zombie_bruiser":1},"minecraft:custom":{"minecraft:time_since_rest":6560,"minecraft:sprint_one_cm":291406,"minecraft:damage_taken":6748,"minecraft:walk_one_cm":140584,"minecraft:mob_kills":7,"minecraft:drop":53,"minecraft:damage_dealt":1234,"minecraft:swim_one_cm":50127,"minecraft:fly_one_cm":163484,"minecraft:open_chest":6,"minecraft:crouch_one_cm":1329,"minecraft:play_time":55932,"tombstone:undead_killed":2,"minecraft:deaths":7,"minecraft:sneak_time":475,"minecraft:walk_under_water_one_cm":5857,"minecraft:jump":1259,"minecraft:leave_game":4,"minecraft:time_since_death":8959,"minecraft:walk_on_water_one_cm":30831,"minecraft:total_world_time":55932,"minecraft:climb_one_cm":16186,"minecraft:fall_one_cm":20352}},"DataVersion":3465}