{"stats":{"minecraft:picked_up":{"minecraft:charcoal":8,"luminousworld:groundpebbles_1":3,"born_in_chaos_v1:corpse_maggot":2,"minecraft:feather":1,"minecraft:flower_pot":2,"born_in_chaos_v1:seedof_chaos":1,"iceandfire:armor_copper_metal_chestplate":1,"minecraft:potato":9,"tombstone:grave_key":1,"minecraft:brewing_stand":2,"minecraft:yellow_bed":2,"iceandfire:armor_copper_metal_helmet":1,"minecraft:wither_skeleton_skull":1,"minecraft:polished_deepslate":1,"minecraft:lapis_lazuli":1,"minecraft:string":3,"minecraft:dirt":23,"minecraft:lantern":13,"minecraft:item_frame":8,"minecraft:experience_bottle":5,"minecraft:zombie_head":1,"minecraft:bone":1,"minecraft:wheat_seeds":15,"mowziesmobs:foliaath_seed":1,"minecraft:gold_nugget":18,"minecraft:iron_ingot":3,"minecraft:player_head":1,"minecraft:rabbit":2,"minecraft:bamboo":152,"minecraft:melon_slice":67,"minecraft:phantom_membrane":1,"minecraft:book":180,"minecraft:stick":1,"iceandfire:copper_nugget":24,"minecraft:pumpkin":1,"iceandfire:armor_copper_metal_leggings":1,"luminousworld:creepberries":53,"minecraft:oak_fence":1,"minecraft:white_dye":2,"minecraft:stone_button":1,"iceandfire:armor_copper_metal_boots":1,"minecraft:lily_of_the_valley":2,"minecraft:redstone":2,"minecraft:spider_eye":1,"minecraft:slime_ball":1,"luminousworld:yellow_grassflowers":1,"minecraft:stone_axe":1,"minecraft:pumpkin_pie":2,"minecraft:soul_lantern":1,"iceandfire:silver_sword":2,"ecologics:coconut_log":5,"ecologics:walnut_leaves":27,"tombstone:essence_of_undeath":1,"minecraft:gold_ingot":2,"supplementaries:ash":1,"minecraft:acacia_slab":4,"minecraft:mutton":4,"iceandfire:silver_nugget":10,"minecraft:cobblestone":1},"minecraft:dropped":{"minecraft:wheat_seeds":8,"ecologics:coconut_log":5,"minecraft:cobblestone":1,"luminousworld:creepberries":1,"tombstone:grave_key":2,"luminousworld:groundpebbles_1":1,"minecraft:melon_slice":1,"minecraft:bamboo":36,"minecraft:pumpkin":1,"minecraft:string":1},"minecraft:mined":{"minecraft:podzol":5,"minecraft:glass_pane":1,"iceandfire:copper_pile":2,"minecraft:potted_lily_of_the_valley":2,"minecraft:jungle_leaves":2,"minecraft:oak_fence":1,"minecraft:grass_block":11,"minecraft:melon":9,"minecraft:campfire":4,"luminousworld:yellow_grassflowers":1,"minecraft:fire":37,"minecraft:pumpkin":1,"minecraft:yellow_bed":2,"minecraft:grass":25,"minecraft:bookshelf":60,"iceandfire:silver_pile":3,"iceandfire:gold_pile":3,"minecraft:vine":3,"minecraft:zombie_head":1,"minecraft:dirt":4,"minecraft:bamboo":17,"minecraft:oak_leaves":6,"minecraft:fern":11,"luminousworld:creepbush":31},"minecraft:killed":{"born_in_chaos_v1:maggot":3,"born_in_chaos_v1:decrepit_skeleton":1,"luminousworld:crab":1,"minecraft:zombie":1,"alexsmobs:terrapin":1},"minecraft:used":{"iceandfire:silver_sword":17,"luminousworld:groundpebbles_1":1,"luminousworld:yellow_grassflowers":1,"minecraft:dirt":1,"luminousworld:creepberries":22,"minecraft:wooden_axe":37,"minecraft:bread":2,"minecraft:melon_slice":21,"iceandfire:copper_axe":8,"minecraft:stone_button":1,"tombstone:gift":2,"minecraft:yellow_bed":1},"minecraft:killed_by":{"born_in_chaos_v1:nightmare_stalker":1,"enemyexpansion:botfly":1,"iceandfire:lightning_dragon":1,"born_in_chaos_v1:zombie_bruiser":1,"enemyexpansion:slugger":1,"iceandfire:fire_dragon":2,"alexsmobs:tiger":1},"minecraft:custom":{"minecraft:interact_with_furnace":2,"minecraft:mob_kills":7,"minecraft:leave_game":5,"minecraft:time_since_death":21047,"minecraft:sleep_in_bed":2,"minecraft:climb_one_cm":23445,"minecraft:time_since_rest":13655,"minecraft:sprint_one_cm":681009,"minecraft:damage_taken":8701,"minecraft:walk_one_cm":253744,"minecraft:drop":57,"minecraft:damage_dealt":1243,"minecraft:swim_one_cm":65090,"minecraft:fly_one_cm":295731,"minecraft:open_chest":55,"minecraft:crouch_one_cm":1813,"minecraft:play_time":102223,"tombstone:undead_killed":2,"minecraft:deaths":12,"minecraft:sneak_time":672,"minecraft:walk_under_water_one_cm":10959,"minecraft:interact_with_brewingstand":1,"minecraft:jump":1995,"minecraft:walk_on_water_one_cm":45506,"minecraft:total_world_time":102223,"minecraft:fall_one_cm":31523}},"DataVersion":3465}