{"stats":{"minecraft:picked_up":{"born_in_chaos_v1:corpse_maggot":2,"luminousworld:groundpebbles_1":2,"iceandfire:armor_copper_metal_leggings":1,"luminousworld:creepberries":33,"iceandfire:armor_copper_metal_chestplate":1,"iceandfire:armor_copper_metal_boots":1,"iceandfire:armor_copper_metal_helmet":1,"minecraft:string":2,"minecraft:dirt":18,"minecraft:bone":1,"luminousworld:yellow_grassflowers":1,"minecraft:wheat_seeds":8,"iceandfire:silver_sword":2,"ecologics:coconut_log":5,"minecraft:bamboo":106,"minecraft:melon_slice":66,"minecraft:cobblestone":1},"minecraft:dropped":{"minecraft:wheat_seeds":8,"tombstone:grave_key":1,"luminousworld:groundpebbles_1":1,"ecologics:coconut_log":5,"minecraft:cobblestone":1,"minecraft:bamboo":36,"minecraft:string":1},"minecraft:mined":{"minecraft:podzol":5,"luminousworld:yellow_grassflowers":1,"minecraft:fire":37,"minecraft:jungle_leaves":1,"minecraft:grass":18,"minecraft:grass_block":6,"minecraft:melon":9,"minecraft:vine":1,"minecraft:dirt":3,"minecraft:bamboo":17,"minecraft:oak_leaves":6,"minecraft:fern":6,"luminousworld:creepbush":11},"minecraft:killed":{"minecraft:zombie":1,"alexsmobs:terrapin":1,"born_in_chaos_v1:decrepit_skeleton":1,"born_in_chaos_v1:maggot":3},"minecraft:used":{"luminousworld:creepberries":9,"minecraft:wooden_axe":36,"iceandfire:silver_sword":17,"minecraft:melon_slice":20,"iceandfire:copper_axe":8,"luminousworld:groundpebbles_1":1,"luminousworld:yellow_grassflowers":1,"tombstone:gift":2},"minecraft:killed_by":{"enemyexpansion:slugger":1,"enemyexpansion:botfly":1,"alexsmobs:tiger":1,"born_in_chaos_v1:zombie_bruiser":1},"minecraft:custom":{"minecraft:time_since_rest":541,"minecraft:sprint_one_cm":206764,"minecraft:damage_taken":4433,"minecraft:walk_one_cm":121396,"minecraft:mob_kills":6,"minecraft:drop":53,"minecraft:damage_dealt":1166,"minecraft:swim_one_cm":38191,"minecraft:fly_one_cm":124678,"minecraft:open_chest":6,"minecraft:crouch_one_cm":1326,"minecraft:play_time":45555,"tombstone:undead_killed":2,"minecraft:deaths":6,"minecraft:sneak_time":410,"minecraft:walk_under_water_one_cm":4653,"minecraft:jump":1021,"minecraft:leave_game":3,"minecraft:walk_on_water_one_cm":24887,"minecraft:time_since_death":1205,"minecraft:climb_one_cm":13446,"minecraft:total_world_time":45555,"minecraft:fall_one_cm":17751}},"DataVersion":3465}