{"stats":{"minecraft:picked_up":{"born_in_chaos_v1:corpse_maggot":2,"luminousworld:groundpebbles_1":2,"minecraft:stick":1,"iceandfire:copper_nugget":10,"luminousworld:creepberries":53,"iceandfire:armor_copper_metal_leggings":1,"iceandfire:armor_copper_metal_chestplate":1,"iceandfire:armor_copper_metal_boots":1,"iceandfire:armor_copper_metal_helmet":1,"minecraft:dirt":23,"minecraft:string":2,"minecraft:bone":1,"luminousworld:yellow_grassflowers":1,"minecraft:stone_axe":1,"mowziesmobs:foliaath_seed":1,"minecraft:wheat_seeds":15,"iceandfire:silver_sword":2,"ecologics:coconut_log":5,"ecologics:walnut_leaves":27,"minecraft:bamboo":152,"minecraft:melon_slice":66,"minecraft:cobblestone":1},"minecraft:dropped":{"minecraft:wheat_seeds":8,"tombstone:grave_key":1,"luminousworld:groundpebbles_1":1,"ecologics:coconut_log":5,"minecraft:cobblestone":1,"luminousworld:creepberries":1,"minecraft:bamboo":36,"minecraft:string":1},"minecraft:mined":{"minecraft:podzol":5,"luminousworld:yellow_grassflowers":1,"minecraft:fire":37,"minecraft:jungle_leaves":2,"minecraft:grass":25,"minecraft:grass_block":11,"minecraft:melon":9,"minecraft:vine":3,"minecraft:dirt":4,"minecraft:bamboo":17,"minecraft:oak_leaves":6,"minecraft:fern":11,"luminousworld:creepbush":31},"minecraft:killed":{"luminousworld:crab":1,"minecraft:zombie":1,"alexsmobs:terrapin":1,"born_in_chaos_v1:decrepit_skeleton":1,"born_in_chaos_v1:maggot":3},"minecraft:used":{"luminousworld:creepberries":22,"minecraft:wooden_axe":37,"iceandfire:silver_sword":17,"minecraft:melon_slice":20,"iceandfire:copper_axe":8,"luminousworld:groundpebbles_1":1,"luminousworld:yellow_grassflowers":1,"minecraft:dirt":1,"tombstone:gift":2},"minecraft:killed_by":{"enemyexpansion:slugger":1,"born_in_chaos_v1:nightmare_stalker":1,"enemyexpansion:botfly":1,"iceandfire:lightning_dragon":1,"iceandfire:fire_dragon":1,"alexsmobs:tiger":1,"born_in_chaos_v1:zombie_bruiser":1},"minecraft:custom":{"minecraft:time_since_rest":1,"minecraft:sprint_one_cm":546258,"minecraft:damage_taken":8381,"minecraft:walk_one_cm":200460,"minecraft:mob_kills":7,"minecraft:drop":54,"minecraft:damage_dealt":1243,"minecraft:swim_one_cm":65090,"minecraft:fly_one_cm":269332,"minecraft:open_chest":9,"minecraft:crouch_one_cm":1329,"minecraft:play_time":78223,"tombstone:undead_killed":2,"minecraft:deaths":11,"minecraft:sneak_time":475,"minecraft:walk_under_water_one_cm":10592,"minecraft:jump":1866,"minecraft:leave_game":5,"minecraft:time_since_death":340,"minecraft:walk_on_water_one_cm":42846,"minecraft:sleep_in_bed":1,"minecraft:total_world_time":78223,"minecraft:climb_one_cm":22586,"minecraft:fall_one_cm":29077}},"DataVersion":3465}