{"stats":{"minecraft:picked_up":{"luminousworld:groundpebbles_1":1,"iceandfire:armor_copper_metal_leggings":1,"luminousworld:creepberries":4,"iceandfire:armor_copper_metal_chestplate":1,"iceandfire:armor_copper_metal_boots":1,"iceandfire:armor_copper_metal_helmet":1,"minecraft:string":2,"minecraft:dirt":17,"luminousworld:yellow_grassflowers":1,"minecraft:wheat_seeds":4,"iceandfire:silver_sword":2,"minecraft:bamboo":106,"minecraft:melon_slice":23,"minecraft:cobblestone":1},"minecraft:dropped":{"minecraft:wheat_seeds":3,"tombstone:grave_key":1,"minecraft:cobblestone":1,"minecraft:string":1},"minecraft:mined":{"minecraft:podzol":5,"luminousworld:yellow_grassflowers":1,"minecraft:jungle_leaves":1,"minecraft:grass":4,"minecraft:grass_block":5,"minecraft:vine":1,"minecraft:dirt":3,"minecraft:bamboo":17},"minecraft:used":{"iceandfire:silver_sword":17,"minecraft:melon_slice":15,"iceandfire:copper_axe":8,"luminousworld:groundpebbles_1":1,"luminousworld:yellow_grassflowers":1,"tombstone:gift":2},"minecraft:killed_by":{"enemyexpansion:slugger":1,"enemyexpansion:botfly":1,"alexsmobs:tiger":1},"minecraft:custom":{"minecraft:time_since_rest":3268,"minecraft:sprint_one_cm":111797,"minecraft:damage_taken":1286,"minecraft:walk_one_cm":58894,"minecraft:drop":6,"minecraft:damage_dealt":397,"minecraft:swim_one_cm":13170,"minecraft:fly_one_cm":68841,"minecraft:open_chest":1,"minecraft:play_time":25144,"minecraft:deaths":4,"minecraft:sneak_time":22,"minecraft:walk_under_water_one_cm":3931,"minecraft:jump":579,"minecraft:leave_game":3,"minecraft:walk_on_water_one_cm":16812,"minecraft:time_since_death":5068,"minecraft:climb_one_cm":9121,"minecraft:total_world_time":25144,"minecraft:fall_one_cm":8871}},"DataVersion":3465}