{"stats":{"minecraft:picked_up":{"luminousworld:groundpebbles_1":1,"luminousworld:yellow_grassflowers":1,"minecraft:wheat_seeds":3,"minecraft:bamboo":5,"minecraft:melon_slice":23},"minecraft:dropped":{"minecraft:wheat_seeds":3},"minecraft:mined":{"minecraft:grass_block":1,"luminousworld:yellow_grassflowers":1,"minecraft:bamboo":1},"minecraft:used":{"minecraft:melon_slice":11,"tombstone:gift":2,"luminousworld:groundpebbles_1":1,"luminousworld:yellow_grassflowers":1},"minecraft:custom":{"minecraft:time_since_rest":4036,"minecraft:sprint_one_cm":61135,"minecraft:play_time":10298,"minecraft:deaths":1,"minecraft:damage_taken":486,"minecraft:walk_one_cm":24806,"minecraft:walk_under_water_one_cm":2231,"minecraft:drop":3,"minecraft:jump":263,"minecraft:damage_dealt":21,"minecraft:leave_game":1,"minecraft:walk_on_water_one_cm":5910,"minecraft:time_since_death":5841,"minecraft:climb_one_cm":5134,"minecraft:total_world_time":10298,"minecraft:swim_one_cm":5753,"minecraft:fall_one_cm":4724,"minecraft:fly_one_cm":37529}},"DataVersion":3465}