{"stats":{"minecraft:picked_up":{"minecraft:charcoal":8,"luminousworld:groundpebbles_1":3,"born_in_chaos_v1:corpse_maggot":2,"minecraft:feather":1,"minecraft:flower_pot":2,"minecraft:andesite":7,"born_in_chaos_v1:seedof_chaos":1,"iceandfire:armor_copper_metal_chestplate":1,"minecraft:potato":9,"tombstone:grave_key":1,"minecraft:gunpowder":2,"minecraft:brewing_stand":2,"minecraft:yellow_bed":2,"minecraft:amethyst_block":1,"iceandfire:armor_copper_metal_helmet":1,"minecraft:wither_skeleton_skull":1,"minecraft:polished_deepslate":1,"minecraft:lapis_lazuli":1,"minecraft:string":3,"minecraft:dirt":23,"minecraft:lantern":13,"minecraft:iron_axe":1,"minecraft:cooked_mutton":2,"minecraft:item_frame":8,"minecraft:experience_bottle":5,"minecraft:zombie_head":1,"minecraft:bone":1,"iceandfire:graveyard_soil":1,"minecraft:wheat_seeds":15,"mowziesmobs:foliaath_seed":1,"minecraft:gold_nugget":20,"minecraft:cobbled_deepslate":3,"minecraft:iron_ingot":3,"minecraft:player_head":2,"minecraft:iron_pickaxe":2,"minecraft:rabbit":2,"minecraft:bamboo":152,"minecraft:melon_slice":100,"minecraft:iron_sword":1,"minecraft:phantom_membrane":1,"minecraft:iron_boots":1,"minecraft:book":180,"minecraft:stick":1,"iceandfire:copper_nugget":24,"minecraft:pumpkin":1,"minecraft:big_dripleaf":2,"iceandfire:armor_copper_metal_leggings":1,"luminousworld:creepberries":53,"minecraft:oak_fence":1,"minecraft:torch":47,"minecraft:white_dye":2,"minecraft:cookie":5,"minecraft:stone_button":1,"iceandfire:armor_copper_metal_boots":1,"minecraft:lily_of_the_valley":2,"minecraft:redstone":2,"minecraft:spider_eye":1,"minecraft:bundle":3,"minecraft:slime_ball":1,"luminousworld:yellow_grassflowers":1,"minecraft:stone_axe":1,"minecraft:pumpkin_pie":2,"minecraft:soul_lantern":1,"iceandfire:silver_sword":2,"ecologics:coconut_log":5,"ecologics:walnut_leaves":27,"tombstone:essence_of_undeath":1,"minecraft:gold_ingot":2,"supplementaries:ash":1,"minecraft:acacia_slab":4,"minecraft:mutton":4,"iceandfire:silver_nugget":10,"minecraft:cobblestone":31},"minecraft:dropped":{"minecraft:wheat_seeds":8,"ecologics:coconut_log":5,"minecraft:cobblestone":1,"luminousworld:creepberries":1,"minecraft:cooked_mutton":2,"minecraft:gunpowder":2,"minecraft:bundle":1,"tombstone:grave_key":5,"luminousworld:groundpebbles_1":1,"minecraft:melon_slice":34,"minecraft:spider_eye":1,"minecraft:bamboo":36,"minecraft:pumpkin":1,"minecraft:string":1},"minecraft:broken":{"iceandfire:armor_copper_metal_leggings":1},"minecraft:mined":{"minecraft:podzol":5,"minecraft:glass_pane":1,"iceandfire:copper_pile":2,"minecraft:potted_lily_of_the_valley":2,"minecraft:jungle_leaves":2,"minecraft:clay":1,"minecraft:oak_fence":1,"minecraft:grass_block":11,"minecraft:melon":9,"minecraft:campfire":4,"luminousworld:yellow_grassflowers":1,"minecraft:fire":37,"minecraft:andesite":2,"minecraft:pumpkin":1,"minecraft:yellow_bed":2,"minecraft:grass":25,"minecraft:bookshelf":60,"iceandfire:silver_pile":3,"iceandfire:gold_pile":3,"minecraft:vine":3,"minecraft:zombie_head":1,"minecraft:dirt":4,"minecraft:stone":14,"minecraft:bamboo":17,"minecraft:oak_leaves":6,"minecraft:fern":11,"luminousworld:creepbush":31},"minecraft:crafted":{"minecraft:stone_pickaxe":22,"minecraft:stone_hoe":1},"minecraft:killed":{"luminousworld:miner_zombie":1,"born_in_chaos_v1:maggot":3,"born_in_chaos_v1:decrepit_skeleton":1,"luminousworld:crab":1,"minecraft:skeleton":1,"minecraft:zombie":1,"alexsmobs:terrapin":1},"minecraft:used":{"iceandfire:silver_sword":17,"minecraft:bundle":1,"minecraft:stone_pickaxe":6,"minecraft:iron_sword":6,"luminousworld:groundpebbles_1":1,"luminousworld:yellow_grassflowers":1,"minecraft:torch":4,"minecraft:dirt":1,"luminousworld:creepberries":22,"minecraft:wooden_axe":37,"minecraft:iron_pickaxe":10,"minecraft:iron_axe":3,"minecraft:bread":2,"minecraft:melon_slice":35,"iceandfire:copper_axe":8,"minecraft:stone_button":1,"minecraft:cobblestone":8,"minecraft:stone_axe":1,"minecraft:pumpkin_pie":1,"tombstone:gift":2,"minecraft:yellow_bed":2,"minecraft:cobbled_deepslate":3},"minecraft:killed_by":{"born_in_chaos_v1:nightmare_stalker":1,"enemyexpansion:botfly":1,"iceandfire:lightning_dragon":1,"born_in_chaos_v1:zombie_bruiser":1,"enemyexpansion:slugger":1,"iceandfire:fire_dragon":2,"enemyexpansion:invisicreeper":1,"alexsmobs:tiger":1},"minecraft:custom":{"minecraft:interact_with_furnace":2,"minecraft:mob_kills":9,"minecraft:interact_with_crafting_table":2,"minecraft:damage_dealt_resisted":149,"minecraft:leave_game":5,"minecraft:time_since_death":5585,"minecraft:sleep_in_bed":2,"minecraft:climb_one_cm":24016,"minecraft:time_since_rest":3776,"minecraft:sprint_one_cm":735200,"minecraft:damage_taken":9430,"minecraft:walk_one_cm":298714,"minecraft:drop":76,"minecraft:damage_dealt":1513,"minecraft:swim_one_cm":65154,"minecraft:fly_one_cm":305310,"minecraft:open_chest":124,"minecraft:crouch_one_cm":1822,"minecraft:play_time":126223,"tombstone:undead_killed":4,"minecraft:deaths":13,"minecraft:sneak_time":799,"minecraft:walk_under_water_one_cm":11162,"minecraft:interact_with_brewingstand":1,"minecraft:jump":2120,"minecraft:walk_on_water_one_cm":55022,"minecraft:total_world_time":126223,"minecraft:fall_one_cm":35004}},"DataVersion":3465}