{"stats":{"minecraft:picked_up":{"luminousworld:groundpebbles_1":1,"iceandfire:armor_copper_metal_leggings":1,"luminousworld:creepberries":16,"iceandfire:armor_copper_metal_chestplate":1,"iceandfire:armor_copper_metal_boots":1,"iceandfire:armor_copper_metal_helmet":1,"minecraft:string":2,"minecraft:dirt":18,"luminousworld:yellow_grassflowers":1,"minecraft:wheat_seeds":8,"iceandfire:silver_sword":2,"minecraft:bamboo":106,"minecraft:melon_slice":55,"minecraft:cobblestone":1},"minecraft:dropped":{"minecraft:wheat_seeds":3,"tombstone:grave_key":1,"minecraft:cobblestone":1,"minecraft:string":1},"minecraft:mined":{"minecraft:podzol":5,"luminousworld:yellow_grassflowers":1,"minecraft:fire":35,"minecraft:jungle_leaves":1,"minecraft:grass":17,"minecraft:grass_block":6,"minecraft:melon":8,"minecraft:vine":1,"minecraft:dirt":3,"minecraft:bamboo":17,"minecraft:oak_leaves":2,"minecraft:fern":4,"luminousworld:creepbush":11},"minecraft:killed":{"alexsmobs:terrapin":1},"minecraft:used":{"luminousworld:creepberries":3,"minecraft:wooden_axe":17,"iceandfire:silver_sword":17,"minecraft:melon_slice":18,"iceandfire:copper_axe":8,"luminousworld:groundpebbles_1":1,"luminousworld:yellow_grassflowers":1,"tombstone:gift":2},"minecraft:killed_by":{"enemyexpansion:slugger":1,"enemyexpansion:botfly":1,"alexsmobs:tiger":1},"minecraft:custom":{"minecraft:time_since_rest":11679,"minecraft:sprint_one_cm":143986,"minecraft:damage_taken":1436,"minecraft:walk_one_cm":83427,"minecraft:mob_kills":1,"minecraft:drop":6,"minecraft:damage_dealt":504,"minecraft:swim_one_cm":13529,"minecraft:fly_one_cm":80574,"minecraft:open_chest":6,"minecraft:crouch_one_cm":1316,"minecraft:play_time":33555,"minecraft:deaths":4,"minecraft:sneak_time":328,"minecraft:walk_under_water_one_cm":4415,"minecraft:jump":752,"minecraft:leave_game":3,"minecraft:walk_on_water_one_cm":17288,"minecraft:time_since_death":13479,"minecraft:climb_one_cm":10460,"minecraft:total_world_time":33555,"minecraft:fall_one_cm":10849}},"DataVersion":3465}