{"stats":{"minecraft:picked_up":{"luminousworld:groundpebbles_1":3,"born_in_chaos_v1:corpse_maggot":2,"minecraft:feather":1,"minecraft:flower_pot":1,"iceandfire:armor_copper_metal_chestplate":1,"tombstone:grave_key":1,"minecraft:yellow_bed":2,"iceandfire:armor_copper_metal_helmet":1,"minecraft:lapis_lazuli":1,"minecraft:string":2,"minecraft:dirt":23,"minecraft:lantern":10,"minecraft:item_frame":8,"minecraft:bone":1,"minecraft:wheat_seeds":15,"mowziesmobs:foliaath_seed":1,"minecraft:gold_nugget":18,"minecraft:iron_ingot":3,"minecraft:bamboo":152,"minecraft:melon_slice":66,"minecraft:book":135,"minecraft:stick":1,"iceandfire:copper_nugget":24,"minecraft:pumpkin":1,"iceandfire:armor_copper_metal_leggings":1,"luminousworld:creepberries":53,"minecraft:white_dye":2,"minecraft:stone_button":1,"iceandfire:armor_copper_metal_boots":1,"minecraft:lily_of_the_valley":1,"minecraft:redstone":2,"luminousworld:yellow_grassflowers":1,"minecraft:stone_axe":1,"iceandfire:silver_sword":2,"ecologics:coconut_log":5,"ecologics:walnut_leaves":27,"minecraft:gold_ingot":2,"iceandfire:silver_nugget":10,"minecraft:cobblestone":1},"minecraft:dropped":{"minecraft:wheat_seeds":8,"ecologics:coconut_log":5,"minecraft:cobblestone":1,"luminousworld:creepberries":1,"tombstone:grave_key":2,"luminousworld:groundpebbles_1":1,"minecraft:bamboo":36,"minecraft:pumpkin":1,"minecraft:string":1},"minecraft:mined":{"minecraft:podzol":5,"minecraft:glass_pane":1,"iceandfire:copper_pile":2,"minecraft:potted_lily_of_the_valley":1,"minecraft:jungle_leaves":2,"minecraft:grass_block":11,"minecraft:melon":9,"luminousworld:yellow_grassflowers":1,"minecraft:fire":37,"minecraft:pumpkin":1,"minecraft:yellow_bed":2,"minecraft:grass":25,"minecraft:bookshelf":45,"iceandfire:silver_pile":3,"iceandfire:gold_pile":3,"minecraft:vine":3,"minecraft:dirt":4,"minecraft:bamboo":17,"minecraft:oak_leaves":6,"minecraft:fern":11,"luminousworld:creepbush":31},"minecraft:killed":{"born_in_chaos_v1:maggot":3,"born_in_chaos_v1:decrepit_skeleton":1,"luminousworld:crab":1,"minecraft:zombie":1,"alexsmobs:terrapin":1},"minecraft:used":{"iceandfire:silver_sword":17,"luminousworld:groundpebbles_1":1,"luminousworld:yellow_grassflowers":1,"minecraft:dirt":1,"luminousworld:creepberries":22,"minecraft:wooden_axe":37,"minecraft:melon_slice":20,"iceandfire:copper_axe":8,"minecraft:stone_button":1,"tombstone:gift":2,"minecraft:yellow_bed":1},"minecraft:killed_by":{"born_in_chaos_v1:nightmare_stalker":1,"enemyexpansion:botfly":1,"iceandfire:lightning_dragon":1,"born_in_chaos_v1:zombie_bruiser":1,"enemyexpansion:slugger":1,"iceandfire:fire_dragon":2,"alexsmobs:tiger":1},"minecraft:custom":{"minecraft:mob_kills":7,"minecraft:leave_game":5,"minecraft:time_since_death":9047,"minecraft:sleep_in_bed":2,"minecraft:climb_one_cm":23445,"minecraft:time_since_rest":1655,"minecraft:sprint_one_cm":634707,"minecraft:damage_taken":8701,"minecraft:walk_one_cm":226893,"minecraft:drop":56,"minecraft:damage_dealt":1243,"minecraft:swim_one_cm":65090,"minecraft:fly_one_cm":289326,"minecraft:open_chest":14,"minecraft:crouch_one_cm":1573,"minecraft:play_time":90223,"tombstone:undead_killed":2,"minecraft:deaths":12,"minecraft:sneak_time":577,"minecraft:walk_under_water_one_cm":10959,"minecraft:interact_with_brewingstand":1,"minecraft:jump":1962,"minecraft:walk_on_water_one_cm":45506,"minecraft:total_world_time":90223,"minecraft:fall_one_cm":30627}},"DataVersion":3465}